common_name,scientific_name,mbta,federally_endangered,federally_threatened,bcc_rangewide_in_continental_us_and_or_pr_and_vi_or_hi_and_pacific_islands,bc_rs_for_bcc_listing_non_breeding,bc_rs_for_bcc_listing_breeding,gbif_taxonID,kingdom,phylum,class,order,family,genus,species,taxon_id
‘Akeke‘e,Loxops caeruleirostris,Y,Wherever found,NA,NA,NA,NA,5231617,Animalia,Chordata,Aves,Passeriformes,Fringillidae,Loxops,Loxops caeruleirostris,5231617
‘Ōma’o,Myadestes obscurus,Y,NA,NA,Yes,NA,102,2490851,Animalia,Chordata,Aves,Passeriformes,Turdidae,Myadestes,Myadestes obscurus,2490851
ʻAkiapolaʻau,Hemignathus wilsoni,Y,Wherever found,NA,NA,NA,NA,2494611,Animalia,Chordata,Aves,Passeriformes,Fringillidae,Hemignathus,Hemignathus wilsoni,2494611
ʻAkikiki,Oreomystis bairdi,Y,Wherever found,NA,NA,NA,NA,2494355,Animalia,Chordata,Aves,Passeriformes,Fringillidae,Oreomystis,Oreomystis bairdi,2494355
ʻAkohekohe (Crested Honeycreeper),Palmeria dolei,Y,Wherever found,NA,NA,NA,NA,5231622,Animalia,Chordata,Aves,Passeriformes,Fringillidae,Palmeria,Palmeria dolei,5231622
Aleutian Tern,Onychoprion aleuticus,Y,NA,NA,Yes,NA,"1,2,4,5",5789282,Animalia,Chordata,Aves,Charadriiformes,Laridae,Onychoprion,Onychoprion aleuticus,5789282
Allen's Hummingbird,Selasphorus sasin,Y,NA,NA,Yes,NA,"5,32",2476852,Animalia,Chordata,Aves,Apodiformes,Trochilidae,Selasphorus,Selasphorus sasin,2476852
American Avocet,Recurvirostra americana,Y,NA,NA,No,NA,"9, 33",2480258,Animalia,Chordata,Aves,Charadriiformes,Recurvirostridae,Recurvirostra,Recurvirostra americana,2480258
American Coot,Fulica americana,Y,NA,NA,Yes ‐ ssp. americana only,101,NA,2474393,Animalia,Chordata,Aves,Gruiformes,Rallidae,Fulica,Fulica americana,2474393
American Dipper,Cinclus mexicanus,Y,NA,NA,No,NA,"15,17",9606873,Animalia,Chordata,Aves,Passeriformes,Cinclidae,Cinclus,Cinclus mexicanus,9606873
American Golden‐Plover,Pluvialis dominica,Y,NA,NA,Yes,"11,13,19,20,21,22,23,25,26,36,3 7","2,3,4",2480328,Animalia,Chordata,Aves,Charadriiformes,Charadriidae,Pluvialis,Pluvialis dominica,2480328
American Kestrel,Falco sparverius,Y,NA,NA,No ‐ ssp. paulus only,NA,"25,27,31",9685907,Animalia,Chordata,Aves,Falconiformes,Falconidae,Falco,Falco sparverius,9685907
American Oystercatcher,Haematopus palliatus,Y,NA,NA,Yes,NA,"27,30,31,37",2480273,Animalia,Chordata,Aves,Charadriiformes,Haematopodidae,Haematopus,Haematopus palliatus,2480273
American White Pelican,Pelecanus erythrorhynchos,Y,NA,NA,No,NA,9,5229155,Animalia,Chordata,Aves,Pelecaniformes,Pelecanidae,Pelecanus,Pelecanus erythrorhynchos,5229155
Ancient Murrelet,Synthliboramphus antiquus,Y,NA,NA,Yes,"M14,M15","1,5",2481350,Animalia,Chordata,Aves,Charadriiformes,Alcidae,Synthliboramphus,Synthliboramphus antiquus,2481350
ʻAnianiau,Magumma parva,Y,NA,NA,Yes,NA,102,6091021,Animalia,Chordata,Aves,Passeriformes,Fringillidae,Magumma,Magumma parva,6091021
Antillean Mango,Anthracothorax dominicus,N,NA,NA,Yes ‐ ssp. aurulentus only,101,NA,2476715,Animalia,Chordata,Aves,Apodiformes,Trochilidae,Anthracothorax,Anthracothorax dominicus,2476715
ʻApapane,Himatione sanguinea,Y,NA,NA,Yes,102,NA,2494524,Animalia,Chordata,Aves,Passeriformes,Fringillidae,Himatione,Himatione sanguinea,2494524
Aplomado Falcon,Falco femoralis,Y,"Ssp. septentrionalis only ‐ wherever found
except AZ and NM",NA,NA,NA,NA,2481006,Animalia,Chordata,Aves,Falconiformes,Falconidae,Falco,Falco femoralis,2481006
Arizona Woodpecker,Dryobates arizonae,Y,NA,NA,Yes,NA,34,10814438,Animalia,Chordata,Aves,Piciformes,Picidae,Leuconotopicus,Leuconotopicus arizonae,8721784
Ashy Storm‐Petrel,Hydrobates homochroa,Y,NA,NA,Yes,M17,32,10750616,Animalia,Chordata,Aves,Procellariiformes,Hydrobatidae,Hydrobates,Hydrobates homochroa,10750616
Audubon's Shearwater,Puffinus lherminieri,Y,NA,NA,Yes,"M18,M19,M20, 101",NA,5229361,Animalia,Chordata,Aves,Procellariiformes,Procellariidae,Puffinus,Puffinus lherminieri,5229361
Bachman's Sparrow,Peucaea aestivalis,Y,NA,NA,Yes,NA,"24,25,27,31",7341544,Animalia,Chordata,Aves,Passeriformes,Passerellidae,Peucaea,Peucaea aestivalis,7341544
Baird's Sparrow,Centronyx bairdii,Y,NA,NA,Yes,"34,35","11,17",10783710,Animalia,Chordata,Aves,Passeriformes,Passerellidae,Centronyx,Centronyx bairdii,10783710
Band‐rumped Storm‐Petrel,Hydrobates castro,Y,HI only,NA,Yes,"M18,M19,M20",NA,9272607,Animalia,Chordata,Aves,Procellariiformes,Hydrobatidae,Oceanodroma,Oceanodroma castro,2482001
Bar‐tailed Godwit,Limosa lapponica,Y,NA,NA,Yes,NA,"2,3",2481681,Animalia,Chordata,Aves,Charadriiformes,Scolopacidae,Limosa,Limosa lapponica,2481681
Bay‐breasted Warbler,Setophaga castanea,Y,NA,NA,No,NA,14,6093202,Animalia,Chordata,Aves,Passeriformes,Parulidae,Setophaga,Setophaga castanea,6093202
Bell's Vireo,Vireo bellii,Y,Ssp pusillus only ‐ wherever found,NA,NA,NA,NA,2487441,Animalia,Chordata,Aves,Passeriformes,Vireonidae,Vireo,Vireo bellii,2487441
Belted Kingfisher,Megaceryle alcyon,Y,NA,NA,No,NA,13,2475472,Animalia,Chordata,Aves,Coraciiformes,Alcedinidae,Megaceryle,Megaceryle alcyon,2475472
Bendire's Thrasher,Toxostoma bendirei,Y,NA,NA,Yes,NA,"9,16,33,34,35",5231697,Animalia,Chordata,Aves,Passeriformes,Mimidae,Toxostoma,Toxostoma bendirei,5231697
Bermuda Petrel,Pterodroma cahow,Y,Wherever found,NA,NA,NA,NA,2481465,Animalia,Chordata,Aves,Procellariiformes,Procellariidae,Pterodroma,Pterodroma cahow,2481465
Bewick's Wren,Thryomanes bewickii,Y,NA,NA,No ‐ ssp. bewickii only,NA,"24,25",2493843,Animalia,Chordata,Aves,Passeriformes,Troglodytidae,Thryomanes,Thryomanes bewickii,2493843
Bicknell's Thrush,Catharus bicknelli,Y,NA,NA,Yes,NA,"14,18",2490800,Animalia,Chordata,Aves,Passeriformes,Turdidae,Catharus,Catharus bicknelli,2490800
Black Noddy,Anous minutus,Y,NA,NA,Yes ‐ ssp. melanogenys only,NA,102,9803471,Animalia,Chordata,Aves,Charadriiformes,Laridae,Anous,Anous minutus,9803471
Black Oystercatcher,Haematopus bachmani,Y,NA,NA,Yes,NA,"1,2,5,32",2480272,Animalia,Chordata,Aves,Charadriiformes,Haematopodidae,Haematopus,Haematopus bachmani,2480272
Black Rail,Laterallus jamaicensis,Y,NA,Ssp. jamaicensis only ‐ wherever found,NA,NA,NA,2474590,Animalia,Chordata,Aves,Gruiformes,Rallidae,Laterallus,Laterallus jamaicensis,2474590
Black Rosy‐Finch,Leucosticte atrata,Y,NA,NA,Yes,NA,"9,10,16",2494372,Animalia,Chordata,Aves,Passeriformes,Fringillidae,Leucosticte,Leucosticte atrata,2494372
Black Skimmer,Rynchops niger,Y,NA,NA,Yes,NA,"27,30,31,32,33,37",2481209,Animalia,Chordata,Aves,Charadriiformes,Laridae,Rynchops,Rynchops niger,2481209
Black Storm‐Petrel,Hydrobates melania,Y,NA,NA,Yes,NA,"32,M17",11068810,Animalia,Chordata,Aves,Procellariiformes,Hydrobatidae,Hydrobates,Hydrobates melania,11068810
Black Swift,Cypseloides niger,Y,NA,NA,Yes,NA,"5,9,10,15,16,32",2477282,Animalia,Chordata,Aves,Apodiformes,Apodidae,Cypseloides,Cypseloides niger,2477282
Black Tern,Chlidonias niger,Y,NA,NA,Yes ‐ ssp. surinamenisis only,NA,"9.10,11,12,17,19,23,32",2481119,Animalia,Chordata,Aves,Charadriiformes,Laridae,Chlidonias,Chlidonias niger,2481119
Black Turnstone,Arenaria melanocephala,Y,NA,NA,Yes,"5,32",2,5229406,Animalia,Chordata,Aves,Charadriiformes,Scolopacidae,Arenaria,Arenaria melanocephala,5229406
Black‐billed Cuckoo,Coccyzus erythropthalmus,Y,NA,NA,Yes,NA,"11,12,13,14,17,19,22,23,24,28,29,30",2496286,Animalia,Chordata,Aves,Cuculiformes,Cuculidae,Coccyzus,Coccyzus erythropthalmus,2496286
Black‐capped Chickadee,Poecile atricapillus,Y,NA,NA,No ‐ ssp. practicus only,NA,28,2487805,Animalia,Chordata,Aves,Passeriformes,Paridae,Poecile,Poecile atricapillus,2487805
Black‐capped Petrel,Pterodroma hasitata,Y,NA,NA,Yes,"M19,M20",NA,2481477,Animalia,Chordata,Aves,Procellariiformes,Procellariidae,Pterodroma,Pterodroma hasitata,2481477
Black‐capped Vireo,Vireo atricapilla,Y,NA,NA,Yes,NA,"19,20,35",2487438,Animalia,Chordata,Aves,Passeriformes,Vireonidae,Vireo,Vireo atricapilla,2487438
Black‐chinned Sparrow,Spizella atrogularis,Y,NA,NA,Yes,NA,"16,32,33,34,35",2492104,Animalia,Chordata,Aves,Passeriformes,Passerellidae,Spizella,Spizella atrogularis,2492104
Black‐footed Albatross,Phoebastria nigripes,Y,NA,NA,Yes,"102,M14,M15,M17",NA,2481383,Animalia,Chordata,Aves,Procellariiformes,Diomedeidae,Phoebastria,Phoebastria nigripes,2481383
Black‐necked Stilt,Himantopus mexicanus,Y,Ssp. knudseni only ‐ wherever found,NA,NA,NA,NA,5229128,Animalia,Chordata,Aves,Charadriiformes,Recurvirostridae,Himantopus,Himantopus mexicanus,5229128
Black‐throated Gray Warbler,Setophaga nigrescens,Y,NA,NA,No,NA,"15,34",7341770,Animalia,Chordata,Aves,Passeriformes,Parulidae,Setophaga,Setophaga nigrescens,7341770
Black‐throated Green Warbler,Setophaga virens,Y,NA,NA,No ‐ ssp. waynei only,NA,27,6092631,Animalia,Chordata,Aves,Passeriformes,Parulidae,Setophaga,Setophaga virens,6092631
Black‐vented Shearwater,Puffinus opisthomelas,Y,NA,NA,Yes,M17,NA,5229356,Animalia,Chordata,Aves,Procellariiformes,Procellariidae,Puffinus,Puffinus opisthomelas,5229356
Blue‐winged Warbler,Vermivora cyanoptera,Y,NA,NA,No,NA,"13,30",6093846,Animalia,Chordata,Aves,Passeriformes,Parulidae,Vermivora,Vermivora cyanoptera,6093846
Bobolink,Dolichonyx oryzivorus,Y,NA,NA,Yes,NA,"9,10,11,12,13,14,17,19,22,23,24,28,30",2484417,Animalia,Chordata,Aves,Passeriformes,Icteridae,Dolichonyx,Dolichonyx oryzivorus,2484417
Brandt's Cormorant,Urile penicillatus,Y,NA,NA,Yes,NA,"5,32",10682451,Animalia,Chordata,Aves,Suliformes,Phalacrocoracidae,Urile,Urile penicillatus,10682451
Bridled Quail‐Dove,Geotrygon mystacea,Y,NA,NA,Yes,NA,101,2496107,Animalia,Chordata,Aves,Columbiformes,Columbidae,Geotrygon,Geotrygon mystacea,2496107
Bristle‐thighed Curlew,Numenius tahitiensis,Y,NA,NA,Yes,NA,"2,4,102",2481790,Animalia,Chordata,Aves,Charadriiformes,Scolopacidae,Numenius,Numenius tahitiensis,2481790
Broad‐tailed Hummingbird,Selasphorus platycercus,Y,NA,NA,Yes,NA,"9,10,16,18,34,35",2476844,Animalia,Chordata,Aves,Apodiformes,Trochilidae,Selasphorus,Selasphorus platycercus,2476844
Broad‐winged Hawk,Buteo platypterus,Y,Ssp. brunnescens only ‐wherever found,NA,NA,NA,NA,2480538,Animalia,Chordata,Aves,Accipitriformes,Accipitridae,Buteo,Buteo platypterus,2480538
Brown Pelican,Pelecanus occidentalis,Y,NA,NA,Yes ‐ ssp. occidentalis only,NA,101,5229158,Animalia,Chordata,Aves,Pelecaniformes,Pelecanidae,Pelecanus,Pelecanus occidentalis,5229158
Brown‐capped Rosy‐Finch,Leucosticte australis,Y,NA,NA,Yes,NA,16,2494359,Animalia,Chordata,Aves,Passeriformes,Fringillidae,Leucosticte,Leucosticte australis,2494359
Brown‐headed Nuthatch,Sitta pusilla,Y,NA,NA,No,NA,"24,25,27",2484904,Animalia,Chordata,Aves,Passeriformes,Sittidae,Sitta,Sitta pusilla,2484904
Buff‐breasted Sandpiper,Calidris subruficollis,Y,NA,NA,Yes,"11,13,18,19,20,21,22,23,36,37",3,8292425,Animalia,Chordata,Aves,Charadriiformes,Scolopacidae,Calidris,Calidris subruficollis,8292425
Buller's Shearwater,Ardenna bulleri,Y,NA,NA,Yes,"M15,M17, 102",NA,7884034,Animalia,Chordata,Aves,Procellariiformes,Procellariidae,Puffinus,Puffinus bulleri,5229379
Bullock's Oriole,Icterus bullockii,Y,NA,NA,No,NA,32,5229864,Animalia,Chordata,Aves,Passeriformes,Icteridae,Icterus,Icterus bullockii,5229864
Bulwer's Petrel,Bulweria bulwerii,Y,NA,NA,Yes,102,NA,2481606,Animalia,Chordata,Aves,Procellariiformes,Procellariidae,Bulweria,Bulweria bulwerii,2481606
Burrowing Owl,Athene cunicularia,Y,NA,NA,No ‐ ssp. floridana and hypugaea only,NA,"31 (ssp. floridana only); 17, 19, 32, 33, 35 (ssp.
hypugaea only)",2497240,Animalia,Chordata,Aves,Strigiformes,Strigidae,Athene,Athene cunicularia,2497240
Cactus Wren,Campylorhynchus brunneicapillus,Y,NA,NA,No ‐ ssp. guttatus only,NA,35,5231474,Animalia,Chordata,Aves,Passeriformes,Troglodytidae,Campylorhynchus,Campylorhynchus brunneicapillus,5231474
California Condor,Gymnogyps californianus,Y,"U.S.A. only, except where listed as an
experimental population",NA,NA,NA,NA,2481920,Animalia,Chordata,Aves,Accipitriformes,Cathartidae,Gymnogyps,Gymnogyps californianus,2481920
California Gnatcatcher,Polioptila californica,Y,NA,Ssp. californica only ‐ wherever found,NA,NA,NA,2487600,Animalia,Chordata,Aves,Passeriformes,Polioptilidae,Polioptila,Polioptila californica,2487600
California Gull,Larus californicus,Y,NA,NA,Yes,NA,"5,9,10,11,15,16,17,32",2481146,Animalia,Chordata,Aves,Charadriiformes,Laridae,Larus,Larus californicus,2481146
California Thrasher,Toxostoma redivivum,Y,NA,NA,Yes,NA,"15,32,33",5231713,Animalia,Chordata,Aves,Passeriformes,Mimidae,Toxostoma,Toxostoma redivivum,5231713
California Towhee,Melozone crissalis,Y,NA,"Ssp. eremophilus only ‐ wherever
found",NA,NA,NA,7341600,Animalia,Chordata,Aves,Passeriformes,Passerellidae,Melozone,Melozone crissalis,7341600
Calliope Hummingbird,Selasphorus calliope,Y,NA,NA,Yes,NA,"9,10,15",7597244,Animalia,Chordata,Aves,Apodiformes,Trochilidae,Selasphorus,Selasphorus calliope,7597244
Canada Warbler,Cardellina canadensis,Y,NA,NA,Yes,NA,"12,13,14,23,28,30",6091946,Animalia,Chordata,Aves,Passeriformes,Parulidae,Cardellina,Cardellina canadensis,6091946
Cape May Warbler,Setophaga tigrina,Y,NA,NA,No,NA,14,6093357,Animalia,Chordata,Aves,Passeriformes,Parulidae,Setophaga,Setophaga tigrina,6093357
Cassia Crossbill,Loxia sinesciuris,Y,NA,NA,Yes,NA,9,9308032,Animalia,Chordata,Aves,Passeriformes,Fringillidae,Loxia,Loxia sinesciuris,9308032
Cassin's Auklet,Ptychoramphus aleuticus,Y,NA,NA,No,NA,5,2481302,Animalia,Chordata,Aves,Charadriiformes,Alcidae,Ptychoramphus,Ptychoramphus aleuticus,2481302
Cassin's Finch,Haemorhous cassinii,Y,NA,NA,Yes,NA,"5,9,10,15,16,32",8255548,Animalia,Chordata,Aves,Passeriformes,Fringillidae,Haemorhous,Haemorhous cassinii,8255548
Cassin's Sparrow,Peucaea cassinii,Y,NA,NA,No,NA,35,6091692,Animalia,Chordata,Aves,Passeriformes,Passerellidae,Peucaea,Peucaea cassinii,6091692
Cerulean Warbler,Setophaga cerulea,Y,NA,NA,Yes,NA,"12,13,22,23,24,26,27,28,29,30",6093350,Animalia,Chordata,Aves,Passeriformes,Parulidae,Setophaga,Setophaga cerulea,6093350
Chestnut‐backed Chickadee,Poecile rufescens,Y,NA,NA,No ‐ ssp. rufescens only,NA,5,2487783,Animalia,Chordata,Aves,Passeriformes,Paridae,Poecile,Poecile rufescens,2487783
Chestnut‐collared Longspur,Calcarius ornatus,Y,NA,NA,Yes,"19,20,34,35,36","11,17,18",2491677,Animalia,Chordata,Aves,Passeriformes,Calcariidae,Calcarius,Calcarius ornatus,2491677
Chihuahuan Raven,Corvus cryptoleucus,Y,NA,NA,No,NA,36,2482500,Animalia,Chordata,Aves,Passeriformes,Corvidae,Corvus,Corvus cryptoleucus,2482500
Chimney Swift,Chaetura pelagica,Y,NA,NA,Yes,NA,"11,12,13,14,18,19,20,21,22,23,24,25,26,27,28
,29,30,31,36,37",4409023,Animalia,Chordata,Aves,Apodiformes,Apodidae,Chaetura,Chaetura pelagica,4409023
Christmas Shearwater,Puffinus nativitatis,Y,NA,NA,Yes,NA,102,5229340,Animalia,Chordata,Aves,Procellariiformes,Procellariidae,Puffinus,Puffinus nativitatis,5229340
Chuck‐will's‐widow,Antrostomus carolinensis,Y,NA,NA,No,NA,"25,27,28,29",6101173,Animalia,Chordata,Aves,Caprimulgiformes,Caprimulgidae,Antrostomus,Antrostomus carolinensis,6101173
Clapper Rail,Rallus crepitans,Y,Ssp. obsoletus only ‐ wherever found,NA,NA,NA,NA,7751637,Animalia,Chordata,Aves,Gruiformes,Rallidae,Rallus,Rallus crepitans,7751637
Clark's Grebe,Aechmophorus clarkii,Y,NA,NA,Yes,NA,"5,9,10,11,15,16,18,32,33,35",2482032,Animalia,Chordata,Aves,Podicipediformes,Podicipedidae,Aechmophorus,Aechmophorus clarkii,2482032
Clark's Nutcracker,Nucifraga columbiana,Y,NA,NA,No,NA,16,2482614,Animalia,Chordata,Aves,Passeriformes,Corvidae,Nucifraga,Nucifraga columbiana,2482614
Colima Warbler,Leiothlypis crissalis,Y,NA,NA,Yes,NA,35,7512138,Animalia,Chordata,Aves,Passeriformes,Parulidae,Leiothlypis,Leiothlypis crissalis,7512138
Common Gallinule,Gallinula galeata,Y,Ssp. sandvicensis only ‐ wherever found,NA,NA,NA,NA,7340222,Animalia,Chordata,Aves,Gruiformes,Rallidae,Gallinula,Gallinula chloropus,5228199
Common Nighthawk,Chordeiles minor,Y,NA,NA,No ‐ ssp. henryi and ssp. minor only,NA,"35 (ssp.henryi only), 28 (ssp. minor only)",2497035,Animalia,Chordata,Aves,Caprimulgiformes,Caprimulgidae,Chordeiles,Chordeiles minor,2497035
Common Tern,Sterna hirundo,Y,NA,NA,No,NA,12,9367409,Animalia,Chordata,Aves,Charadriiformes,Laridae,Sterna,Sterna hirundo,9367409
Common Yellowthroat,Geothlypis trichas,Y,NA,NA,No ‐ ssp. sinuosa only,NA,32,2489670,Animalia,Chordata,Aves,Passeriformes,Parulidae,Geothlypis,Geothlypis trichas,2489670
Connecticut Warbler,Oporornis agilis,Y,NA,NA,Yes,NA,12,2489611,Animalia,Chordata,Aves,Passeriformes,Parulidae,Oporornis,Oporornis agilis,2489611
Cook's Petrel,Pterodroma cookii,Y,NA,NA,Yes,"M17, 102",NA,2481491,Animalia,Chordata,Aves,Procellariiformes,Procellariidae,Pterodroma,Pterodroma cookii,2481491
Cordilleran Flycatcher,Empidonax occidentalis,Y,NA,NA,No,NA,34,2482805,Animalia,Chordata,Aves,Passeriformes,Tyrannidae,Empidonax,Empidonax occidentalis,2482805
Cory's Shearwater,Calonectris diomedea,Y,NA,NA,Yes,"M18,M19,M20",NA,2481521,Animalia,Chordata,Aves,Procellariiformes,Procellariidae,Calonectris,Calonectris diomedea,2481521
Costa's Hummingbird,Calypte costae,Y,NA,NA,No,NA,33,2476675,Animalia,Chordata,Aves,Apodiformes,Trochilidae,Calypte,Calypte costae,2476675
Craveri's Murrelet,Synthliboramphus craveri,Y,NA,NA,Yes,M17,NA,2481348,Animalia,Chordata,Aves,Charadriiformes,Alcidae,Synthliboramphus,Synthliboramphus craveri,2481348
Crested Caracara,Caracara plancus,Y,NA,"Florida population of ssp. audubonii
only",NA,NA,NA,2480989,Animalia,Chordata,Aves,Falconiformes,Falconidae,Caracara,Caracara plancus,2480989
Curve‐billed Thrasher,Toxostoma curvirostre,Y,NA,NA,No ‐ ssp. oberholseri and palmeri only,NA,36,5231688,Animalia,Chordata,Aves,Passeriformes,Mimidae,Toxostoma,Toxostoma curvirostre,5231688
Dickcissel,Spiza americana,Y,NA,NA,No,NA,37,2490363,Animalia,Chordata,Aves,Passeriformes,Cardinalidae,Spiza,Spiza americana,2490363
Dunlin,Calidris alpina,Y,NA,NA,No ‐ ssp. arcticola and hudsonia only,"11,12,13,22,23,27,30,31,37,2",3,2481759,Animalia,Chordata,Aves,Charadriiformes,Scolopacidae,Calidris,Calidris alpina,2481759
Eastern Meadowlark,Sturnella magna,Y,NA,NA,No,NA,"13,20,35,36",2484254,Animalia,Chordata,Aves,Passeriformes,Icteridae,Sturnella,Sturnella magna,2484254
Eastern Whip‐poor‐will,Antrostomus vociferus,Y,NA,NA,Yes,NA,"11,12,13,14,22,23,24,25,26,27,28,29,3 0",6101178,Animalia,Chordata,Aves,Caprimulgiformes,Caprimulgidae,Antrostomus,Antrostomus vociferus,6101178
Elegant Tern,Thalasseus elegans,Y,NA,NA,Yes,NA,32,2481285,Animalia,Chordata,Aves,Charadriiformes,Laridae,Thalasseus,Thalasseus elegans,2481285
Elegant Trogon,Trogon elegans,Y,NA,NA,Yes,NA,34,9323342,Animalia,Chordata,Aves,Trogoniformes,Trogonidae,Trogon,Trogon elegans,9323342
Elfin‐woods Warbler,Setophaga angelae,Y,NA,Wherever found,NA,NA,NA,6093389,Animalia,Chordata,Aves,Passeriformes,Parulidae,Setophaga,Setophaga angelae,6093389
Eskimo Curlew,Numenius borealis,Y,Wherever found,NA,NA,NA,NA,2481783,Animalia,Chordata,Aves,Charadriiformes,Scolopacidae,Numenius,Numenius borealis,2481783
Eurasian Moorhen,Gallinula chloropus,Y,Ssp. guami only ‐ wherever found,NA,NA,NA,NA,5228199,Animalia,Chordata,Aves,Gruiformes,Rallidae,Gallinula,Gallinula chloropus,5228199
Evening Grosbeak,Coccothraustes vespertinus,Y,NA,NA,Yes,NA,"5,9,10,12,13,14,15,16,34,35",2494321,Animalia,Chordata,Aves,Passeriformes,Fringillidae,Hesperiphona,Hesperiphona vespertina,2494324
Fea's Petrel,Pterodroma feae,Y,NA,NA,Yes,"M18,M19",NA,2481473,Animalia,Chordata,Aves,Procellariiformes,Procellariidae,Pterodroma,Pterodroma feae,2481473
Ferruginous Hawk,Buteo regalis,Y,NA,NA,No,NA,"17,18,35",2480566,Animalia,Chordata,Aves,Accipitriformes,Accipitridae,Buteo,Buteo regalis,2480566
Ferruginous Pygmy‐Owl,Glaucidium brasilianum,Y,NA,Ssp. cactorum only ‐ wherever found,NA,NA,NA,5232118,Animalia,Chordata,Aves,Strigiformes,Strigidae,Glaucidium,Glaucidium brasilianum,5232118
Field Sparrow,Spizella pusilla,Y,NA,NA,No,NA,"20,24",2492096,Animalia,Chordata,Aves,Passeriformes,Passerellidae,Spizella,Spizella pusilla,2492096
Flammulated Owl,Psiloscops flammeolus,Y,NA,NA,Yes,NA,"5,9,10,15,16,32,34,35",7807178,Animalia,Chordata,Aves,Strigiformes,Strigidae,Psiloscops,Psiloscops flammeolus,7807178
Florida Scrub‐Jay,Aphelocoma coerulescens,Y,NA,Wherever found,NA,NA,NA,2482400,Animalia,Chordata,Aves,Passeriformes,Corvidae,Aphelocoma,Aphelocoma coerulescens,2482400
Forster's Tern,Sterna forsteri,Y,NA,NA,No,NA,"9,37",5229247,Animalia,Chordata,Aves,Charadriiformes,Laridae,Sterna,Sterna forsteri,5229247
Franklin's Gull,Leucophaeus pipixcan,Y,NA,NA,Yes,NA,"9,10,11,17",5846430,Animalia,Chordata,Aves,Charadriiformes,Laridae,Leucophaeus,Leucophaeus pipixcan,5846430
Gila Woodpecker,Melanerpes uropygialis,Y,NA,NA,No,NA,33,2478112,Animalia,Chordata,Aves,Piciformes,Picidae,Melanerpes,Melanerpes uropygialis,2478112
Gilded Flicker,Colaptes chrysoides,Y,NA,NA,Yes,NA,"33,34",2478248,Animalia,Chordata,Aves,Piciformes,Picidae,Colaptes,Colaptes chrysoides,2478248
Golden‐cheeked Warbler,Setophaga chrysoparia,Y,Wherever found,NA,NA,NA,NA,6092637,Animalia,Chordata,Aves,Passeriformes,Parulidae,Setophaga,Setophaga chrysoparia,6092637
Golden‐winged Warbler,Vermivora chrysoptera,Y,NA,NA,Yes,NA,"11,12,13,23,28",5230811,Animalia,Chordata,Aves,Passeriformes,Parulidae,Vermivora,Vermivora chrysoptera,5230811
Grace's Warbler,Setophaga graciae,Y,NA,NA,Yes,NA,"11,17,18,20,22,23,24,27,29,30",7341776,Animalia,Chordata,Aves,Passeriformes,Parulidae,Setophaga,Setophaga graciae,7341776
Grasshopper Sparrow,Ammodramus savannarum,Y,Ssp. floridanus only ‐ wherever found,NA,No ‐ ssp. perpallidus and pratensis only,NA,"11,17,18,20,22,23,24,27,29,30",2491123,Animalia,Chordata,Aves,Passeriformes,Passerellidae,Ammodramus,Ammodramus savannarum,2491123
Gray‐backed Tern,Onychoprion lunatus,Y,NA,NA,Yes,NA,102,5789278,Animalia,Chordata,Aves,Charadriiformes,Laridae,Onychoprion,Onychoprion lunatus,5789278
Gray‐headed Chickadee,Poecile cinctus,Y,NA,NA,Yes ‐ ssp. lathami only,NA,"3,4",2487862,Animalia,Chordata,Aves,Passeriformes,Paridae,Poecile,Poecile cinctus,2487862
Great Blue Heron,Ardea herodias,Y,NA,NA,No ‐ ssp. occidentalis only,NA,31,9630752,Animalia,Chordata,Aves,Pelecaniformes,Ardeidae,Ardea,Ardea herodias,9630752
Great Frigatebird,Fregata minor,Y,NA,NA,Yes ‐ ssp. palmerstoni only,NA,102,2480187,Animalia,Chordata,Aves,Suliformes,Fregatidae,Fregata,Fregata minor,2480187
Greater Prairie‐Chicken,Tympanuchus cupido,N,Ssp. attwateri only ‐ wherever found,NA,NA,NA,NA,2473510,Animalia,Chordata,Aves,Galliformes,Phasianidae,Tympanuchus,Tympanuchus cupido,2473510
Guadalupe Murrelet,Synthliboramphus hypoleucus,Y,NA,NA,Yes,M17,NA,2481351,Animalia,Chordata,Aves,Charadriiformes,Alcidae,Synthliboramphus,Synthliboramphus hypoleucus,2481351
Guam Kingfisher,Todiramphus cinnamominus,Y,Wherever found,NA,NA,NA,NA,2475795,Animalia,Chordata,Aves,Coraciiformes,Alcedinidae,Todiramphus,Todiramphus cinnamominus,2475795
Guam Rail,Gallirallus owstoni,Y,"Wherever found, except where listed as
an experimental population (Rota)",NA,NA,NA,NA,2474548,Animalia,Chordata,Aves,Gruiformes,Rallidae,Gallirallus,Gallirallus owstoni,2474548
Gull‐billed Tern,Gelochelidon nilotica,Y,NA,NA,Yes,NA,"27,30,31,32,33,36,37",2481263,Animalia,Chordata,Aves,Charadriiformes,Laridae,Gelochelidon,Gelochelidon nilotica,2481263
Gunnison sage‐grouse,Centrocercus minimus,N,NA,Wherever found,NA,NA,NA,5959243,Animalia,Chordata,Aves,Galliformes,Phasianidae,Centrocercus,Centrocercus minimus,5959243
Harris's Hawk,Parabuteo unicinctus,Y,NA,NA,No ‐ ssp. harrisi only,NA,36,2480410,Animalia,Chordata,Aves,Accipitriformes,Accipitridae,Parabuteo,Parabuteo unicinctus,2480410
Hawaii ʻAkepa,Loxops coccineus,Y,Wherever found,NA,NA,NA,NA,5231618,Animalia,Chordata,Aves,Passeriformes,Fringillidae,Loxops,Loxops coccineus,5231618
Hawaii ʻAmakihi,Chlorodrepanis virens,Y,NA,NA,Yes,NA,102,8346110,Animalia,Chordata,Aves,Passeriformes,Fringillidae,Chlorodrepanis,Chlorodrepanis virens,8346110
Hawaii Creeper,Loxops mana,Y,Wherever found,NA,NA,NA,NA,5231614,Animalia,Chordata,Aves,Passeriformes,Fringillidae,Loxops,Loxops mana,5231614
Hawaiian Coot,Fulica alai,Y,Wherever found,NA,NA,NA,NA,2474386,Animalia,Chordata,Aves,Gruiformes,Rallidae,Fulica,Fulica alai,2474386
Hawaiian Crow,Corvus hawaiiensis,Y,Wherever found,NA,NA,NA,NA,2482517,Animalia,Chordata,Aves,Passeriformes,Corvidae,Corvus,Corvus hawaiiensis,2482517
Hawaiian Duck,Anas wyvilliana,Y,Wherever found,NA,NA,NA,NA,2498072,Animalia,Chordata,Aves,Anseriformes,Anatidae,Anas,Anas wyvilliana,2498072
Hawaiian Goose (Nene),Branta sandvicensis,Y,NA,Wherever found,NA,NA,NA,5232445,Animalia,Chordata,Aves,Anseriformes,Anatidae,Branta,Branta sandvicensis,5232445
Hawaiian Hawk,Buteo solitarius,Y,NA,NA,Yes,NA,102,2480528,Animalia,Chordata,Aves,Accipitriformes,Accipitridae,Buteo,Buteo solitarius,2480528
Hawaiian Petrel,Pterodroma sandwichensis,Y,Wherever found,NA,NA,NA,NA,2481449,Animalia,Chordata,Aves,Procellariiformes,Procellariidae,Pterodroma,Pterodroma sandwichensis,2481449
Heermann's Gull,Larus heermanni,Y,NA,NA,Yes,NA,32,2481130,Animalia,Chordata,Aves,Charadriiformes,Laridae,Larus,Larus heermanni,2481130
Henslow's Sparrow,Centronyx henslowii,Y,NA,NA,Yes,"21,25,26,27,31,37","11,22,23,24,28",10850807,Animalia,Chordata,Aves,Passeriformes,Passerellidae,Centronyx,Centronyx henslowii,10850807
Hermit Warbler,Setophaga occidentalis,Y,NA,NA,No,NA,15,6092644,Animalia,Chordata,Aves,Passeriformes,Parulidae,Setophaga,Setophaga occidentalis,6092644
Horned Lark,Eremophila alpestris,Y,NA,Ssp. strigata only ‐ wherever found,NA,NA,NA,9415596,Animalia,Chordata,Aves,Passeriformes,Alaudidae,Eremophila,Eremophila alpestris,9415596
Hudsonian Godwit,Limosa haemastica,Y,NA,NA,Yes,"11,14,18,19,22,30,37","2,4",2481680,Animalia,Chordata,Aves,Charadriiformes,Scolopacidae,Limosa,Limosa haemastica,2481680
ʻIʻiwi,Drepanis coccinea,Y,NA,Wherever found,NA,NA,NA,8070758,Animalia,Chordata,Aves,Passeriformes,Fringillidae,Vestiaria,Vestiaria coccinea,5231615
Island Scrub‐Jay,Aphelocoma insularis,Y,NA,NA,Yes,NA,32,2482399,Animalia,Chordata,Aves,Passeriformes,Corvidae,Aphelocoma,Aphelocoma insularis,2482399
Ivory Gull,Pagophila eburnea,Y,NA,NA,Yes,"M12,M14",NA,2481202,Animalia,Chordata,Aves,Charadriiformes,Laridae,Pagophila,Pagophila eburnea,2481202
Ivory‐billed Woodpecker,Campephilus principalis,Y,Wherever found,NA,NA,NA,NA,2478561,Animalia,Chordata,Aves,Piciformes,Picidae,Campephilus,Campephilus principalis,2478561
Kauaʻi ʻAmakihi,Chlorodrepanis stejnegeri,Y,NA,NA,Yes,NA,102,7706576,Animalia,Chordata,Aves,Passeriformes,Fringillidae,Chlorodrepanis,Chlorodrepanis stejnegeri,7706576
Kentucky Warbler,Geothlypis formosa,Y,NA,NA,Yes,NA,"21,22,24,25,26,27,28,29,30",6093586,Animalia,Chordata,Aves,Passeriformes,Parulidae,Geothlypis,Geothlypis formosa,6093586
King Rail,Rallus elegans,Y,NA,NA,Yes,NA,"19,22,23,24,25,26,27,29,30,31,36,37",9480015,Animalia,Chordata,Aves,Gruiformes,Rallidae,Rallus,Rallus elegans,9480015
Kirtland's Warbler,Setophaga kirtlandii,Y,NA,NA,Yes,NA,"12,23",6093362,Animalia,Chordata,Aves,Passeriformes,Parulidae,Setophaga,Setophaga kirtlandii,6093362
Kittlitz's Murrelet,Brachyramphus brevirostris,Y,NA,NA,Yes,"M14,M15","1,2,3,5",5229286,Animalia,Chordata,Aves,Charadriiformes,Alcidae,Brachyramphus,Brachyramphus brevirostris,5229286
Lark Bunting,Calamospiza melanocorys,Y,NA,NA,No,NA,"17,19",2491893,Animalia,Chordata,Aves,Passeriformes,Passerellidae,Calamospiza,Calamospiza melanocorys,2491893
Lawrence's Goldfinch,Spinus lawrencei,Y,NA,NA,Yes,NA,"15,32,33",5231643,Animalia,Chordata,Aves,Passeriformes,Fringillidae,Spinus,Spinus lawrencei,5231643
Laysan Albatross,Phoebastria immutabilis,Y,NA,NA,Yes,"M15,M17",102,2481381,Animalia,Chordata,Aves,Procellariiformes,Diomedeidae,Phoebastria,Phoebastria immutabilis,2481381
Laysan Duck,Anas laysanensis,Y,Wherever found,NA,NA,NA,NA,2498109,Animalia,Chordata,Aves,Anseriformes,Anatidae,Anas,Anas laysanensis,2498109
Laysan Finch,Telespiza cantans,Y,Wherever found,NA,NA,NA,NA,2494416,Animalia,Chordata,Aves,Passeriformes,Fringillidae,Telespiza,Telespiza cantans,2494416
Least Tern,Sternula antillarum,Y,Ssp. browni only ‐ wherever found,NA,Yes ‐ ssp. antillarum and athalassos only,NA,"27,30,31,37",5789285,Animalia,Chordata,Aves,Charadriiformes,Laridae,Sternula,Sternula antillarum,5789285
LeConte's Sparrow,Ammospiza leconteii,Y,NA,NA,Yes,"24,35,26,27,37","11,12,23",2491081,Animalia,Chordata,Aves,Passeriformes,Passerellidae,Ammospiza,Ammospiza leconteii,2491081
LeConte's Thrasher,Toxostoma lecontei,Y,NA,NA,Yes,NA,33,5231703,Animalia,Chordata,Aves,Passeriformes,Mimidae,Toxostoma,Toxostoma lecontei,5231703
Lesser Prairie‐Chicken,Tympanuchus pallidicinctus,N,Southern DPS,Northern DPS,NA,NA,NA,2473529,Animalia,Chordata,Aves,Galliformes,Phasianidae,Tympanuchus,Tympanuchus pallidicinctus,2473529
Lesser Yellowlegs,Tringa flavipes,Y,NA,NA,Yes,"5,9,10,11,12,13,14,16,17,18,19,20,21,22,23,24,2
5,26,27,30,31,36,37, 101",4,2481721,Animalia,Chordata,Aves,Charadriiformes,Scolopacidae,Tringa,Tringa flavipes,2481721
Lewis's Woodpecker,Melanerpes lewis,Y,NA,NA,Yes,NA,"9,10,15,16,17,18,34",2478142,Animalia,Chordata,Aves,Piciformes,Picidae,Melanerpes,Melanerpes lewis,2478142
Limpkin,Aramus guarauna,Y,NA,NA,Yes ‐ ssp. elucus only,NA,101,2474337,Animalia,Chordata,Aves,Gruiformes,Aramidae,Aramus,Aramus guarauna,2474337
Little Blue Heron,Egretta caerulea,Y,NA,NA,No,NA,"21,26",2480894,Animalia,Chordata,Aves,Pelecaniformes,Ardeidae,Egretta,Egretta caerulea,2480894
Loggerhead Shrike,Lanius ludovicianus,Y,Ssp. mearnsi only ‐ wherever found,NA,"No ‐ ssp. excubitorides and migrans
only",NA,"21,22,37",2492870,Animalia,Chordata,Aves,Passeriformes,Laniidae,Lanius,Lanius ludovicianus,2492870
Long‐billed Curlew,Numenius americanus,Y,NA,NA,No,"20,21,35,36,37","11,18",2481794,Animalia,Chordata,Aves,Charadriiformes,Scolopacidae,Numenius,Numenius americanus,2481794
Long‐eared Owl,Asio otus,Y,NA,NA,Yes,NA,"9,10,11,12,13,14,15,16,17,18,19,23,30,32,33,
34",2497306,Animalia,Chordata,Aves,Strigiformes,Strigidae,Asio,Asio otus,2497306
Lucifer Hummingbird,Calothorax lucifer,Y,NA,NA,Yes,NA,35,2476570,Animalia,Chordata,Aves,Apodiformes,Trochilidae,Calothorax,Calothorax lucifer,2476570
Magnificent Frigatebird,Fregata magnificens,Y,NA,NA,No,"M19,M20","31,101",2480189,Animalia,Chordata,Aves,Suliformes,Fregatidae,Fregata,Fregata magnificens,2480189
Mangrove Cuckoo,Coccyzus minor,Y,NA,NA,Yes,NA,31,2496294,Animalia,Chordata,Aves,Cuculiformes,Cuculidae,Coccyzus,Coccyzus minor,2496294
Manx Shearwater,Puffinus puffinus,Y,NA,NA,Yes,"M18,M19",NA,5229380,Animalia,Chordata,Aves,Procellariiformes,Procellariidae,Puffinus,Puffinus puffinus,5229380
Many‐colored Fruit‐Dove,Ptilinopus perousii,Y,NA,NA,Yes ‐ ssp. perousii only,NA,102,2495510,Animalia,Chordata,Aves,Columbiformes,Columbidae,Ptilinopus,Ptilinopus perousii,2495510
Mao (maomao) (honeyeater),Gymnomyza samoensis,N,Wherever found,NA,NA,NA,NA,5230476,Animalia,Chordata,Aves,Passeriformes,Meliphagidae,Gymnomyza,Gymnomyza samoensis,5230476
Marbled Godwit,Limosa fedoa,Y,NA,NA,Yes,"5,9,27,32,33,37","2,11,17,23",2481684,Animalia,Chordata,Aves,Charadriiformes,Scolopacidae,Limosa,Limosa fedoa,2481684
Marbled Murrelet,Brachyramphus marmoratus,Y,NA,"CA, OR, WA",No,"M14,M15","1,2,4,5",5229281,Animalia,Chordata,Aves,Charadriiformes,Alcidae,Brachyramphus,Brachyramphus marmoratus,5229281
Mariana Crow,Corvus kubaryi,Y,Wherever found,NA,NA,NA,NA,2482506,Animalia,Chordata,Aves,Passeriformes,Corvidae,Corvus,Corvus kubaryi,2482506
Mariana Fruit‐Dove,Ptilinopus roseicapilla,Y,NA,NA,Yes,NA,102,2495545,Animalia,Chordata,Aves,Columbiformes,Columbidae,Ptilinopus,Ptilinopus roseicapilla,2495545
Mariana Kingfisher,Todiramphus albicilla,Y,NA,NA,Yes,NA,102,7741716,Animalia,Chordata,Aves,Coraciiformes,Alcedinidae,Todiramphus,Todiramphus albicilla,7741716
Mariana Swiftlet,Aerodramus bartschi,Y,Wherever found,NA,NA,NA,NA,2477241,Animalia,Chordata,Aves,Apodiformes,Apodidae,Aerodramus,Aerodramus bartschi,2477241
Marsh Wren,Cistothorus palustris,Y,NA,NA,No ‐ ssp. griseus only,NA,31,2493863,Animalia,Chordata,Aves,Passeriformes,Troglodytidae,Cistothorus,Cistothorus palustris,2493863
Masked Booby,Sula dactylatra,Y,NA,NA,Yes ‐ ssp. dactylatra only,NA,101,2480967,Animalia,Chordata,Aves,Suliformes,Sulidae,Sula,Sula dactylatra,2480967
Masked Duck,Nomonyx dominicus,Y,NA,NA,Yes,NA,101,2498316,Animalia,Chordata,Aves,Anseriformes,Anatidae,Nomonyx,Nomonyx dominicus,2498316
Maui 'Alauahio,Paroreomyza montana,Y,NA,NA,Yes,NA,102,2494582,Animalia,Chordata,Aves,Passeriformes,Fringillidae,Paroreomyza,Paroreomyza montana,2494582
Maui Parrotbill,Pseudonestor xanthophrys,Y,Wherever found,NA,NA,NA,NA,2494141,Animalia,Chordata,Aves,Passeriformes,Fringillidae,Pseudonestor,Pseudonestor xanthophrys,2494141
McKay's Bunting,Plectrophenax hyperboreus,Y,NA,NA,Yes,NA,1,2491718,Animalia,Chordata,Aves,Passeriformes,Calcariidae,Plectrophenax,Plectrophenax hyperboreus,2491718
Mexican Chickadee,Poecile sclateri,Y,NA,NA,Yes,NA,34,2487837,Animalia,Chordata,Aves,Passeriformes,Paridae,Poecile,Poecile sclateri,2487837
Mexican Whip‐poor‐will,Antrostomus arizonae,Y,NA,NA,Yes,NA,"34,35",6101174,Animalia,Chordata,Aves,Caprimulgiformes,Caprimulgidae,Antrostomus,Antrostomus arizonae,6101174
Micronesian Megapode,Megapodius laperouse,N,Wherever found,NA,NA,NA,NA,2482128,Animalia,Chordata,Aves,Galliformes,Megapodiidae,Megapodius,Megapodius laperouse,2482128
Millerbird,Acrocephalus familiaris,Y,Ssp. kingi only ‐ wherever found,NA,NA,NA,NA,5231335,Animalia,Chordata,Aves,Passeriformes,Acrocephalidae,Acrocephalus,Acrocephalus familiaris,5231335
Mottled Petrel,Pterodroma inexpectata,Y,NA,NA,Yes,"M14,M15,102",NA,2481451,Animalia,Chordata,Aves,Procellariiformes,Procellariidae,Pterodroma,Pterodroma inexpectata,2481451
Mountain Plover,Charadrius montanus,Y,NA,NA,Yes,"19,20,21,,32,33,35,36,37","10,11,16,17,18",2480292,Animalia,Chordata,Aves,Charadriiformes,Charadriidae,Charadrius,Charadrius montanus,2480292
Murphy's Petrel,Pterodroma ultima,Y,NA,NA,Yes,"M14,M15,M17",NA,2481466,Animalia,Chordata,Aves,Procellariiformes,Procellariidae,Pterodroma,Pterodroma ultima,2481466
Newell's Shearwater,Puffinus newelli,Y,NA,Wherever found,NA,NA,NA,9503570,Animalia,Chordata,Aves,Procellariiformes,Procellariidae,Puffinus,Puffinus newelli,9503570
Nightingale Reed Warbler,Acrocephalus luscinius,Y,Wherever found,NA,NA,NA,NA,7341216,Animalia,Chordata,Aves,Passeriformes,Acrocephalidae,Acrocephalus,Acrocephalus luscinius,7341216
Nihoa Finch,Telespiza ultima,Y,Wherever found,NA,NA,NA,NA,2494419,Animalia,Chordata,Aves,Passeriformes,Fringillidae,Telespiza,Telespiza ultima,2494419
Northern Bobwhite,Colinas virginianus,N,Ssp. ridgwayi only ‐ wherever found,NA,NA,NA,NA,9791464,Animalia,Chordata,Aves,Galliformes,Odontophoridae,Colinus,Colinus virginianus,9791464
Northern Harrier,Circus hudsonius,Y,NA,NA,No,NA,"16,17,19",6101217,Animalia,Chordata,Aves,Accipitriformes,Accipitridae,Circus,Circus cyaneus,2480487
Northern Saw‐whet Owl,Aegolius acadicus,Y,NA,NA,No,NA,28,5232207,Animalia,Chordata,Aves,Strigiformes,Strigidae,Aegolius,Aegolius acadicus,5232207
Nuttall's Woodpecker,Dryobates nuttallii,Y,NA,NA,No,NA,32,9088491,Animalia,Chordata,Aves,Piciformes,Picidae,Dryobates,Dryobates nuttallii,9088491
Oʻahu ʻAlauahio,Paroreomyza maculata,Y,Wherever found,NA,NA,NA,NA,2494579,Animalia,Chordata,Aves,Passeriformes,Fringillidae,Paroreomyza,Paroreomyza maculata,2494579
Oʻahu ʻAmakihi,Chlorodrepanis flava,Y,NA,NA,Yes,NA,102,8021975,Animalia,Chordata,Aves,Passeriformes,Fringillidae,Chlorodrepanis,Chlorodrepanis flava,8021975
Oahu Elepaio,Chasiempis ibidis,N,Wherever found,NA,NA,NA,NA,6086250,Animalia,Chordata,Aves,Passeriformes,Monarchidae,Chasiempis,Chasiempis ibidis,6086250
Oak Titmouse,Baeolophus inornatus,Y,NA,NA,Yes,NA,"5,15,32",2487905,Animalia,Chordata,Aves,Passeriformes,Paridae,Baeolophus,Baeolophus inornatus,2487905
Olive‐sided Flycatcher,Contopus cooperi,Y,NA,NA,Yes,NA,"2,3,5,9,10,12,14,15,16,32,34",5229743,Animalia,Chordata,Aves,Passeriformes,Tyrannidae,Contopus,Contopus cooperi,5229743
Olomaʻo,Myadestes lanaiensis,Y,Ssp. rutha only ‐ wherever found,NA,NA,NA,NA,2490838,Animalia,Chordata,Aves,Passeriformes,Turdidae,Myadestes,Myadestes lanaiensis,2490838
Orchard Oriole,Icterus spurius,Y,NA,NA,No,NA,36,5229935,Animalia,Chordata,Aves,Passeriformes,Icteridae,Icterus,Icterus spurius,5229935
ʻŌʻū,Psittirostra psittacea,Y,Wherever found,NA,NA,NA,NA,2494566,Animalia,Chordata,Aves,Passeriformes,Fringillidae,Psittirostra,Psittirostra psittacea,2494566
Pacific Black Duck,Anas superciliosa,Y,NA,NA,Yes ‐ ssp. pelewensis only,NA,102,2498084,Animalia,Chordata,Aves,Anseriformes,Anatidae,Anas,Anas superciliosa,2498084
Pacific Imperial‐Pigeon,Ducula pacifica,Y,NA,NA,Yes ‐ ssp. pacifica only,NA,102,2495948,Animalia,Chordata,Aves,Columbiformes,Columbidae,Ducula,Ducula pacifica,2495948
Painted Bunting,Passerina ciris,Y,NA,NA,No,NA,"20,27,31,36,37",5230852,Animalia,Chordata,Aves,Passeriformes,Cardinalidae,Passerina,Passerina ciris,5230852
Palila,Loxioides bailleui,Y,Wherever found,NA,NA,"9,11,12,13,16,18,19,20,21,22,23,25,26,27,30,31,",NA,2494136,Animalia,Chordata,Aves,Passeriformes,Fringillidae,Loxioides,Loxioides bailleui,2494136
Pectoral Sandpiper,Calidris melanotos,Y,NA,NA,Yes,"36,37",3,2481744,Animalia,Chordata,Aves,Charadriiformes,Scolopacidae,Calidris,Calidris melanotos,2481744
Phainopepla,Phainopepla nitens,Y,NA,NA,No ‐ ssp. lepida only,NA,34,2492885,Animalia,Chordata,Aves,Passeriformes,Ptilogonatidae,Phainopepla,Phainopepla nitens,2492885
Pink‐footed Shearwater,Ardenna creatopus,Y,NA,NA,Yes,"M15,M17",NA,8475930,Animalia,Chordata,Aves,Procellariiformes,Procellariidae,Puffinus,Puffinus creatopus,5229358
Pinyon Jay,Gymnorhinus cyanocephalus,Y,NA,NA,Yes,NA,"9,10,15,16,17,18,32,33,34,35",5229498,Animalia,Chordata,Aves,Passeriformes,Corvidae,Gymnorhinus,Gymnorhinus cyanocephalus,5229498
Piping Plover,Charadrius melodus,Y,"[Great Lakes watershed DPS] ‐ Great
Lakes, watershed in States of IL, IN, MI,
MN, NY, OH, PA, and WI and Canada
(Ont.)","[Atlantic Coast and Northern Great
Plains populations] ‐ Wherever found,
except those areas where listed as
endangered.",NA,NA,NA,2480283,Animalia,Chordata,Aves,Charadriiformes,Charadriidae,Charadrius,Charadrius melodus,2480283
Plain Pigeon,Patagioenas inornata,Y,Ssp. wetmorei only ‐ wherever found,NA,NA,NA,NA,2495279,Animalia,Chordata,Aves,Columbiformes,Columbidae,Patagioenas,Patagioenas inornata,2495279
Plumbeous Vireo,Vireo plumbeus,Y,NA,NA,No,NA,34,9353154,Animalia,Chordata,Aves,Passeriformes,Vireonidae,Vireo,Vireo plumbeus,9353154
Polynesian Storm‐Petrel,Nesofregetta fuliginosa,Y,NA,NA,Yes,102,NA,9808707,Animalia,Chordata,Aves,Procellariiformes,Hydrobatidae,Nesofregetta,Nesofregetta fuliginosa,9808707
Prairie Falcon,Falco mexicanus,Y,NA,NA,No,NA,17,2481000,Animalia,Chordata,Aves,Falconiformes,Falconidae,Falco,Falco mexicanus,2481000
Prairie Warbler,Setophaga discolor,Y,NA,NA,Yes,NA,"13,14,24,25,26,27,28,29,30,31",7341789,Animalia,Chordata,Aves,Passeriformes,Parulidae,Setophaga,Setophaga discolor,7341789
Prothonotary Warbler,Protonotaria citrea,Y,NA,NA,Yes,NA,"21,22,24,25,26,27,28,29,30,37",2489871,Animalia,Chordata,Aves,Passeriformes,Parulidae,Protonotaria,Protonotaria citrea,2489871
Puaiohi,Myadestes palmeri,Y,Wherever found,NA,NA,NA,NA,2490842,Animalia,Chordata,Aves,Passeriformes,Turdidae,Myadestes,Myadestes palmeri,2490842
Puerto Rican Nightjar,Antrostomus noctitherus,Y,Wherever found,NA,NA,NA,NA,6101181,Animalia,Chordata,Aves,Caprimulgiformes,Caprimulgidae,Antrostomus,Antrostomus noctitherus,6101181
Puerto Rican Oriole,Icterus portoricensis,Y,NA,NA,Yes,NA,101,6086178,Animalia,Chordata,Aves,Passeriformes,Icteridae,Icterus,Icterus portoricensis,6086178
Puerto Rican Parrot,Amazona vittata,N,Wherever found,NA,NA,NA,NA,2479642,Animalia,Chordata,Aves,Psittaciformes,Psittacidae,Amazona,Amazona vittata,2479642
Puerto Rican Vireo,Vireo latimeri,Y,NA,NA,Yes,NA,101,2487434,Animalia,Chordata,Aves,Passeriformes,Vireonidae,Vireo,Vireo latimeri,2487434
Purple Sandpiper,Calidris maritima,Y,NA,NA,Yes,"14,27,30",NA,2481743,Animalia,Chordata,Aves,Charadriiformes,Scolopacidae,Calidris,Calidris maritima,2481743
Purple Swamphen,Porphyrio porphyrio,Y,NA,NA,Yes ‐ ssp. samoensis onl y,102,NA,2474416,Animalia,Chordata,Aves,Gruiformes,Rallidae,Porphyrio,Porphyrio porphyrio,2474416
Pyrrhuloxia,Cardinalis sinuatus,Y,NA,NA,Yes,NA,"18,19,20,33,34,35,36,37",2490405,Animalia,Chordata,Aves,Passeriformes,Cardinalidae,Cardinalis,Cardinalis sinuatus,2490405
Red Knot,Calidris canutus,Y,NA,Ssp. rufa only,Yes ‐ ssp. roselaari only,"5,9,32,37","2,3",2481765,Animalia,Chordata,Aves,Charadriiformes,Scolopacidae,Calidris,Calidris canutus,2481765
Red‐billed Tropicbird,Phaethon aethereus,Y,NA,NA,Yes ‐ ssp. mesonauta only,NA,101,9743996,Animalia,Chordata,Aves,Phaethontiformes,Phaethontidae,Phaethon,Phaethon aethereus,9743996
Red‐cockaded Woodpecker,Dryobates borealis,Y,Wherever found,NA,NA,NA,NA,10742338,Animalia,Chordata,Aves,Piciformes,Picidae,Leuconotopicus,Leuconotopicus borealis,9046711
Reddish Egret,Egretta rufescens,Y,NA,NA,Yes,NA,"31,37",2480888,Animalia,Chordata,Aves,Pelecaniformes,Ardeidae,Egretta,Egretta rufescens,2480888
Red‐faced Cormorant,Urile urile,Y,NA,NA,Yes,NA,"1,2,5",10980289,Animalia,Chordata,Aves,Suliformes,Phalacrocoracidae,Phalacrocorax,Phalacrocorax urile,2481874
Red‐faced Warbler,Cardellina rubrifrons,Y,NA,NA,Yes,NA,34,2489634,Animalia,Chordata,Aves,Passeriformes,Parulidae,Cardellina,Cardellina rubrifrons,2489634
Red‐footed Booby,Sula sula,Y,NA,NA,Yes ‐ ssp. sula only,NA,101,2480972,Animalia,Chordata,Aves,Suliformes,Sulidae,Sula,Sula sula,2480972
Red‐headed Woodpecker,Melanerpes erythrocephalus,Y,NA,NA,Yes,NA,"11,13,17,18,19,21,22,23,24,25,26,27,28,29,30
,31,37",2478130,Animalia,Chordata,Aves,Piciformes,Picidae,Melanerpes,Melanerpes erythrocephalus,2478130
Red‐legged Kittiwake,Rissa brevirostris,Y,NA,NA,Yes,"M14,M15",1,2481204,Animalia,Chordata,Aves,Charadriiformes,Laridae,Rissa,Rissa brevirostris,2481204
Ridgway's Rail,Rallus obsoletus,Y,"Ssp. levipes and yumanensis only ‐
wherever found",NA,NA,NA,NA,7449585,Animalia,Chordata,Aves,Gruiformes,Rallidae,Rallus,Rallus obsoletus,7449585
Rock Sandpiper,Calidris ptilocnemis,Y,NA,NA,No ‐ ssp. ptilocenemis only,"2,4,5",1,5229395,Animalia,Chordata,Aves,Charadriiformes,Scolopacidae,Calidris,Calidris ptilocnemis,5229395
Roseate Tern,Sterna dougallii,Y,"Ssp. dougallii only ‐ U.S.A. (Atlantic Coast
south to NC), Canada (Newf., N.S, Que.),
Bermuda","Ssp. dougallii only ‐ Western
Hemisphere and adjacent oceans, incl.
U.S.A. (FL, PR, VI), where not listed as
endangered",NA,NA,NA,5229249,Animalia,Chordata,Aves,Charadriiformes,Laridae,Sterna,Sterna dougallii,5229249
Rose‐breasted Grosbeak,Pheucticus ludovicianus,Y,NA,NA,No,NA,"13,14",2490494,Animalia,Chordata,Aves,Passeriformes,Cardinalidae,Pheucticus,Pheucticus ludovicianus,2490494
Ross's Gull,Rhodostethia rosea,Y,NA,NA,Yes,M13,NA,2481218,Animalia,Chordata,Aves,Charadriiformes,Laridae,Rhodostethia,Rhodostethia rosea,2481218
Rota bridled White‐eye,Zosterops rotensis,N,Wherever found,NA,NA,NA,NA,5788594,Animalia,Chordata,Aves,Passeriformes,Zosteropidae,Zosterops,Zosterops rotensis,5788594
Ruddy Duck,Oxyura jamaicensis,Y,NA,NA,Yes,NA,101,2498305,Animalia,Chordata,Aves,Anseriformes,Anatidae,Oxyura,Oxyura jamaicensis,2498305
Ruddy Turnstone,Arenaria interpres,Y,NA,NA,No ‐ ssp. morinella only,"11,12,13,22,23,27,30,31,37",NA,2481776,Animalia,Chordata,Aves,Charadriiformes,Scolopacidae,Arenaria,Arenaria interpres,2481776
Rufous Hummingbird,Selasphorus rufus,Y,NA,NA,Yes,NA,"5,9,10",2476855,Animalia,Chordata,Aves,Apodiformes,Trochilidae,Selasphorus,Selasphorus rufus,2476855
Rufous‐crowned Sparrow,Aimophila ruficeps,Y,NA,NA,No ‐ ssp. eremoeca only,NA,20,2491961,Animalia,Chordata,Aves,Passeriformes,Passerellidae,Aimophila,Aimophila ruficeps,2491961
Rufous‐winged Sparrow,Peucaea carpalis,Y,NA,NA,Yes,NA,"33,34",7341576,Animalia,Chordata,Aves,Passeriformes,Passerellidae,Peucaea,Peucaea carpalis,7341576
Rusty Blackbird,Euphagus carolinus,Y,NA,NA,No,"22,23,24,26,27,28,29,30",NA,2484184,Animalia,Chordata,Aves,Passeriformes,Icteridae,Euphagus,Euphagus carolinus,2484184
Sage Thrasher,Oreoscoptes montanus,Y,NA,NA,No,NA,9,2494973,Animalia,Chordata,Aves,Passeriformes,Mimidae,Oreoscoptes,Oreoscoptes montanus,2494973
Saltmarsh Sparrow,Ammospiza caudacuta,Y,NA,NA,Yes,"27,31",30,2491087,Animalia,Chordata,Aves,Passeriformes,Passerellidae,Ammospiza,Ammospiza caudacuta,2491087
Sandhill Crane,Antigone canadensis,Y,Ssp. pulla only ‐ wherever found,NA,NA,NA,NA,9036008,Animalia,Chordata,Aves,Gruiformes,Gruidae,Grus,Grus canadensis,2474953
Sandwich Tern,Thalasseus sandvicensis,Y,NA,NA,No,NA,37,2481240,Animalia,Chordata,Aves,Charadriiformes,Laridae,Thalasseus,Thalasseus sandvicensis,2481240
Savannah Sparrow,Passerculus sandwichensis,Y,NA,NA,No ‐ ssp. beldingi only,NA,32,5231142,Animalia,Chordata,Aves,Passeriformes,Passerellidae,Passerculus,Passerculus sandwichensis,5231142
Scarlet Tanager,Piranga olivacea,Y,NA,NA,No,NA,30,2488517,Animalia,Chordata,Aves,Passeriformes,Cardinalidae,Piranga,Piranga olivacea,2488517
Scott's Oriole,Icterus parisorum,Y,NA,NA,No,NA,"34,35",5229930,Animalia,Chordata,Aves,Passeriformes,Icteridae,Icterus,Icterus parisorum,5229930
Scripps's Murrelet,Synthliboramphus scrippsi,Y,NA,NA,Yes,M17,32,9410588,Animalia,Chordata,Aves,Charadriiformes,Alcidae,Synthliboramphus,Synthliboramphus scrippsi,9410588
Seaside Sparrow,Ammospiza maritima,Y,Ssp. mirabilis only ‐ wherever found,NA,"Yes ‐ ssp. fisheri, macgillivraii, maritima,
pennisulae, and sennetti only",NA,"27,30,31,37",2491116,Animalia,Chordata,Aves,Passeriformes,Passerellidae,Ammospiza,Ammospiza maritima,2491116
Semipalmated Sandpiper,Calidris pusilla,Y,NA,NA,No,"12,13,14,22,23,24,26,27,30,31,101",NA,2481764,Animalia,Chordata,Aves,Charadriiformes,Scolopacidae,Calidris,Calidris pusilla,2481764
Sharp‐shinned Hawk,Accipiter striatus,Y,Ssp. venator only ‐ wherever found,NA,NA,NA,NA,9740253,Animalia,Chordata,Aves,Accipitriformes,Accipitridae,Accipiter,Accipiter striatus,9740253
Short‐billed Dowitcher,Limnodromus griseus,Y,NA,NA,Yes,"11,13,22,23,27,30,31,32,37",2.4.5,2481672,Animalia,Chordata,Aves,Charadriiformes,Scolopacidae,Limnodromus,Limnodromus griseus,2481672
Short‐eared Owl,Asio flammeus,Y,NA,NA,"Yes ‐ ssp. flammeus only; except in BCR
102, which is ssp. sandwichensis only","13,14,18,19,22,23,24,29,30","1,2,3,4,9,11,16,17,32, 102 (ssp. sandwichensis
only)",2497295,Animalia,Chordata,Aves,Strigiformes,Strigidae,Asio,Asio flammeus,2497295
Short‐tailed Albatross,Phoebastria albatrus,Y,Wherever found,NA,NA,NA,NA,2481385,Animalia,Chordata,Aves,Procellariiformes,Diomedeidae,Phoebastria,Phoebastria albatrus,2481385
Shy Ground Dove,Alopecoenas stairi,Y,American Samoa DPS,NA,NA,NA,NA,9056437,Animalia,Chordata,Aves,Columbiformes,Columbidae,Pampusana,Pampusana stairi,10891839
Snail Kite,Rostrhamus sociabilis,Y,Ssp. plumbeus only ‐ wherever found,NA,NA,NA,NA,2480415,Animalia,Chordata,Aves,Accipitriformes,Accipitridae,Rostrhamus,Rostrhamus sociabilis,2480415
Snowy Owl,Bubo scandiacus,Y,NA,NA,Yes,NA,"1,2,3",5959143,Animalia,Chordata,Aves,Strigiformes,Strigidae,Bubo,Bubo scandiacus,5959143
Snowy Plover,Charadrius nivosus,Y,NA,"Pacific Coast population of ssp. nivosus
only DPS‐U.S.A. (CA, OR, WA), Mexico
(within 50 miles of Pacific coast)","Yes ‐ ssp. nivosus only; except in BCR
101, which is ssp. tenuirostris only",NA,"9,16,18,19,27,31,32,33,35,36,37, 101 (ssp.
tenuirostris only)",6065879,Animalia,Chordata,Aves,Charadriiformes,Charadriidae,Charadrius,Charadrius nivosus,6065879
Solitary Sandpiper,Tringa solitaria,Y,NA,NA,No ‐ ssp. cinnamomea only,NA,4,2481710,Animalia,Chordata,Aves,Charadriiformes,Scolopacidae,Tringa,Tringa solitaria,2481710
Song Sparrow,Melospiza melodia,Y,NA,NA,"No ‐ ssp. graminea, pusillula and
samuelis only",NA,32,2492196,Animalia,Chordata,Aves,Passeriformes,Passerellidae,Melospiza,Melospiza melodia,2492196
Spectacled Eider,Somateria fischeri,Y,NA,Wherever found,NA,NA,NA,2498366,Animalia,Chordata,Aves,Anseriformes,Anatidae,Somateria,Somateria fischeri,2498366
Spotless Crake,Porzana tabuensis,Y,NA,NA,Yes ‐ ssp. tabuensis onl y,NA,102,2474607,Animalia,Chordata,Aves,Gruiformes,Rallidae,Porzana,Porzana tabuensis,2474607
Spotted Owl,Strix occidentalis,Y,NA,Ssp. caurina and lucida only ‐ wherever,Yes ‐ ssp. occidentalis onl y,NA,"15,32",2497487,Animalia,Chordata,Aves,Strigiformes,Strigidae,Strix,Strix occidentalis,2497487
Sprague's Pipit,Anthus spragueii,Y,NA,NA,Yes,"18,19,21,25,34,35,36,37","11,17",2490268,Animalia,Chordata,Aves,Passeriformes,Motacillidae,Anthus,Anthus spragueii,2490268
Steller's Eider,Polysticta stelleri,Y,NA,U.S. Alaska breeding population only,NA,NA,NA,5232431,Animalia,Chordata,Aves,Anseriformes,Anatidae,Polysticta,Polysticta stelleri,5232431
Swallow‐tailed Kite,Elanoides forficatus,Y,NA,NA,Yes,NA,"25,26,27,31,37",2480461,Animalia,Chordata,Aves,Accipitriformes,Accipitridae,Elanoides,Elanoides forficatus,2480461
Tahiti Petrel,Pseudobulweria rostrata,Y,NA,NA,Yes,NA,102,2481506,Animalia,Chordata,Aves,Procellariiformes,Procellariidae,Pseudobulweria,Pseudobulweria rostrata,2481506
Thick‐billed Longspur,Rhynchophanes mccownii,Y,NA,NA,Yes,"19,20,35","10,11,17,18",6093927,Animalia,Chordata,Aves,Passeriformes,Calcariidae,Rhynchophanes,Rhynchophanes mccownii,6093927
Thick‐billed Parrot,Rhynchopsitta pachyrhyncha,N,Wherever found,NA,NA,NA,NA,2480013,Animalia,Chordata,Aves,Psittaciformes,Psittacidae,Rhynchopsitta,Rhynchopsitta pachyrhyncha,2480013
Tricolored Blackbird,Agelaius tricolor,Y,NA,NA,Yes,NA,"32,33",2484445,Animalia,Chordata,Aves,Passeriformes,Icteridae,Agelaius,Agelaius tricolor,2484445
Tristram's Storm‐Petrel,Hydrobates tristrami,Y,NA,NA,Yes,NA,102,11026445,Animalia,Chordata,Aves,Procellariiformes,Hydrobatidae,Oceanodroma,Oceanodroma tristrami,2482023
Tufted Puffin,Fratercula cirrhata,Y,NA,NA,No,M17,5,2481357,Animalia,Chordata,Aves,Charadriiformes,Alcidae,Fratercula,Fratercula cirrhata,2481357
Upland Sandpiper,Bartramia longicauda,Y,NA,NA,No,NA,"13,22,23",2481705,Animalia,Chordata,Aves,Charadriiformes,Scolopacidae,Bartramia,Bartramia longicauda,2481705
Varied Bunting,Passerina versicolor,Y,NA,NA,Yes,NA,"34,35",5230855,Animalia,Chordata,Aves,Passeriformes,Cardinalidae,Passerina,Passerina versicolor,5230855
Varied Thrush,Ixoreus naevius,Y,NA,NA,No ‐ssp. naevius only,NA,5,2490926,Animalia,Chordata,Aves,Passeriformes,Turdidae,Ixoreus,Ixoreus naevius,2490926
Vaux's Swift,Chaetura vauxi,Y,NA,NA,No ‐ ssp. vauxi only,NA,5,5228612,Animalia,Chordata,Aves,Apodiformes,Apodidae,Chaetura,Chaetura vauxi,5228612
Veery,Catharus fuscescens,Y,NA,NA,No ‐ ssp. fuscescens only,NA,"12,14",2490804,Animalia,Chordata,Aves,Passeriformes,Turdidae,Catharus,Catharus fuscescens,2490804
Verdin,Auriparus flaviceps,Y,NA,NA,No ‐ ssp. acaciarum only,NA,33,2487397,Animalia,Chordata,Aves,Passeriformes,Remizidae,Auriparus,Auriparus flaviceps,2487397
Vesper Sparrow,Pooecetes gramineus,Y,NA,NA,No ‐ ssp. affinis only,NA,5,2491728,Animalia,Chordata,Aves,Passeriformes,Passerellidae,Pooecetes,Pooecetes gramineus,2491728
Virginia's Warbler,Leiothlypis virginiae,Y,NA,NA,Yes,NA,"9,16,34,35",8314699,Animalia,Chordata,Aves,Passeriformes,Parulidae,Leiothlypis,Leiothlypis virginiae,8314699
Wandering Tattler,Tringa incana,Y,NA,NA,Yes,NA,"2,3,4",9733156,Animalia,Chordata,Aves,Charadriiformes,Scolopacidae,Tringa,Tringa incana,9733156
West Indian Whistling‐Duck,Dendrocygna arborea,Y,NA,NA,Yes,NA,101,2498406,Animalia,Chordata,Aves,Anseriformes,Anatidae,Dendrocygna,Dendrocygna arborea,2498406
Western Grebe,Aechmophorus occidentalis,Y,NA,NA,Yes,NA,"5,9,10,11,15,16,17,19,23,32,33,34",2482033,Animalia,Chordata,Aves,Podicipediformes,Podicipedidae,Aechmophorus,Aechmophorus occidentalis,2482033
Western Gull,Larus occidentalis,Y,NA,NA,Yes,NA,"5,32",9656686,Animalia,Chordata,Aves,Charadriiformes,Laridae,Larus,Larus occidentalis,9656686
Western Screech‐Owl,Megascops kennicottii,Y,NA,NA,"No ‐ ssp. cardonensis and kennicottii
only",NA,"5,32",2497341,Animalia,Chordata,Aves,Strigiformes,Strigidae,Megascops,Megascops kennicottii,2497341
Whimbrel,Numenius phaeopus,Y,NA,NA,No ‐ ssp. hudsonicus only,"12,14,18,19,27,30,31,37",NA,2481784,Animalia,Chordata,Aves,Charadriiformes,Scolopacidae,Numenius,Numenius phaeopus,2481784
Whiskered Auklet,Aethia pygmaea,Y,NA,NA,Yes,M14,1,5229271,Animalia,Chordata,Aves,Charadriiformes,Alcidae,Aethia,Aethia pygmaea,5229271
Whiskered Screech‐Owl,Megascops trichopsis,Y,NA,NA,Yes,NA,34,2497319,Animalia,Chordata,Aves,Strigiformes,Strigidae,Megascops,Megascops trichopsis,2497319
White‐breasted Nuthatch,Sitta carolinensis,Y,NA,NA,No ‐ ssp. aculeata only,NA,10,2484892,Animalia,Chordata,Aves,Passeriformes,Sittidae,Sitta,Sitta carolinensis,2484892
White‐cheeked Pintail,Anas bahamensis,Y,NA,NA,Yes ‐ ssp. bahamensis only,NA,101,2498090,Animalia,Chordata,Aves,Anseriformes,Anatidae,Anas,Anas bahamensis,2498090
White‐crowned Pigeon,Patagioenas leucocephala,Y,NA,NA,Yes,NA,31,2495310,Animalia,Chordata,Aves,Columbiformes,Columbidae,Patagioenas,Patagioenas leucocephala,2495310
White‐headed Woodpecker,Dryobates albolarvatus,Y,NA,NA,No ‐ ssp.gravirostris only,NA,32,10876512,Animalia,Chordata,Aves,Piciformes,Picidae,Leuconotopicus,Leuconotopicus albolarvatus,9128444
White‐necked Crow,Corvus leucognaphalus,Y,Wherever found,NA,NA,NA,NA,2482486,Animalia,Chordata,Aves,Passeriformes,Corvidae,Corvus,Corvus leucognaphalus,2482486
White‐tailed Tropicbird,Phaethon lepturus,Y,NA,NA,Yes ‐ ssp. catesbyi only,NA,101,2481364,Animalia,Chordata,Aves,Phaethontiformes,Phaethontidae,Phaethon,Phaethon lepturus,2481364
White‐throated Ground Dove,Alopecoenas xanthonurus,Y,NA,NA,Yes,NA,102,8991051,Animalia,Chordata,Aves,Columbiformes,Columbidae,Pampusana,Pampusana xanthonura,10783350
Whooping Crane,Grus americana,Y,"Wherever found, except where listed as
an experimental population (AL, AR, CO,
FL, GA, ID, IL, IN, IA, KY, LA, MI, MN, MS,
MO, NC, NM, OH, SC, TN, UT, VA, WI, WV,
western half of WY, southwestern LA)",NA,NA,NA,NA,2474941,Animalia,Chordata,Aves,Gruiformes,Gruidae,Grus,Grus americana,2474941
Willet,Tringa semipalmata,Y,NA,NA,Yes,"5,32,33","9,10,11,14,15,17,19,27,30,31,37",5789298,Animalia,Chordata,Aves,Charadriiformes,Scolopacidae,Tringa,Tringa semipalmata,5789298
Willow Flycatcher,Empidonax traillii,Y,Ssp. extimus only ‐ wherever found,NA,NA,NA,NA,2482786,Animalia,Chordata,Aves,Passeriformes,Tyrannidae,Empidonax,Empidonax traillii,2482786
Wilson's Plover,Charadrius wilsonia,Y,NA,NA,Yes,NA,"27,31,36,37",2480302,Animalia,Chordata,Aves,Charadriiformes,Charadriidae,Charadrius,Charadrius wilsonia,2480302
Wood Stork,Mycteria americana,Y,NA,"AL, FL, GA, MS, NC, SC",NA,NA,NA,2481937,Animalia,Chordata,Aves,Ciconiiformes,Ciconiidae,Mycteria,Mycteria americana,2481937
Wood Thrush,Hylocichla mustelina,Y,NA,NA,Yes,NA,"12,13,14,22,23,24,25,26,27,28,29,30",2490872,Animalia,Chordata,Aves,Passeriformes,Turdidae,Hylocichla,Hylocichla mustelina,2490872
Woodhouse's Scrub‐Jay,Aphelocoma woodhouseii,Y,NA,NA,No ‐ ssp. woodhouseii only,NA,35,5844900,Animalia,Chordata,Aves,Passeriformes,Corvidae,Aphelocoma,Aphelocoma woodhouseii,5844900
Wrentit,Chamaea fasciata,Y,NA,NA,Yes,NA,"5,15,32",2493558,Animalia,Chordata,Aves,Passeriformes,Sylviidae,Chamaea,Chamaea fasciata,2493558
Yellow Rail,Coturnicops noveboracensis,Y,NA,NA,Yes,"25,26,27,31,32,37","9,10,11,12,23",5228183,Animalia,Chordata,Aves,Gruiformes,Rallidae,Coturnicops,Coturnicops noveboracensis,5228183
Yellow‐billed Cuckoo,Coccyzus americanus,Y,NA,Western DPS only,No,NA,28,2496287,Animalia,Chordata,Aves,Cuculiformes,Cuculidae,Coccyzus,Coccyzus americanus,2496287
Yellow‐billed Loon,Gavia adamsii,Y,NA,NA,Yes,"1,M15","2,3,32",2481957,Animalia,Chordata,Aves,Gaviiformes,Gaviidae,Gavia,Gavia adamsii,2481957
Yellow‐billed Magpie,Pica nuttalli,Y,NA,NA,Yes,NA,32,5229489,Animalia,Chordata,Aves,Passeriformes,Corvidae,Pica,Pica nuttalli,5229489
Yellow‐breasted Chat,Icteria virens,Y,NA,NA,No ‐ ssp. virens only,NA,30,2489989,Animalia,Chordata,Aves,Passeriformes,Parulidae,Icteria,Icteria virens,2489989
Yellow‐breasted Crake,Hapalocrex flaviventer,Y,NA,NA,Yes ‐ ssp. hendersoni only,NA,101,9621766,Animalia,Chordata,Aves,Gruiformes,Rallidae,Porzana,Porzana flaviventer,2474640
Yellow‐footed Gull,Larus livens,Y,NA,NA,Yes,33,NA,2481154,Animalia,Chordata,Aves,Charadriiformes,Laridae,Larus,Larus livens,2481154
Yellow‐headed Blackbird,Xanthocephalus xanthocephalus,Y,NA,NA,No,NA,16,2484195,Animalia,Chordata,Aves,Passeriformes,Icteridae,Xanthocephalus,Xanthocephalus xanthocephalus,2484195
Yellow‐shouldered Blackbird,Agelaius xanthomus,Y,Wherever found,NA,NA,NA,NA,2484449,Animalia,Chordata,Aves,Passeriformes,Icteridae,Agelaius,Agelaius xanthomus,2484449
