ID_taxonID,scientificName,sPrimaryCommonName,synonymName,SWAP2015,SWAP2023,SWAP2023designation,lastUpdated,taxonomyNotes,comments,gbif_taxonID,kingdom,phylum,class,order,family,genus,species,taxon_id,subspecies,variety
18709,Ascaphus montanus,Rocky Mountain Tailed Frog,NA,NA,TRUE,SGIN - E,2024-04-15T00:00:00Z,NA,NA,2429805,Animalia,Chordata,Amphibia,Anura,Ascaphidae,Ascaphus,Ascaphus montanus,2429805,NA,NA
17288,Anaxyrus boreas,Western Toad,NA,TRUE,TRUE,SGCN,2024-04-15T00:00:00Z,NA,NA,2422924,Animalia,Chordata,Amphibia,Anura,Bufonidae,Anaxyrus,Anaxyrus boreas,2422924,NA,NA
18129,Anaxyrus woodhousii,Woodhouse's Toad,NA,TRUE,TRUE,SGCN,2024-04-15T00:00:00Z,NA,NA,2422865,Animalia,Chordata,Amphibia,Anura,Bufonidae,Anaxyrus,Anaxyrus woodhousii,2422865,NA,NA
16367,Lithobates pipiens,Northern Leopard Frog,NA,TRUE,TRUE,SGCN,2024-04-15T00:00:00Z,NA,NA,2427185,Animalia,Chordata,Amphibia,Anura,Ranidae,Lithobates,Lithobates pipiens,2427185,NA,NA
80518,Rana luteiventris pop. 3,Columbia Spotted Frog  (Great Basin population),NA,TRUE,TRUE,SGCN,2024-04-15T00:00:00Z,NA,NA,2426785,Animalia,Chordata,Amphibia,Anura,Ranidae,Rana,Rana luteiventris,2426785,NA,NA
18916,Spea intermontana,Great Basin Spadefoot,NA,NA,TRUE,SGIN - E,2024-04-15T00:00:00Z,NA,NA,2429791,Animalia,Chordata,Amphibia,Anura,Scaphiopodidae,Spea,Spea intermontana,2429791,NA,NA
18250,Dicamptodon aterrimus,Idaho Giant Salamander,NA,NA,TRUE,SGIN - E,2024-04-15T00:00:00Z,NA,NA,2432026,Animalia,Chordata,Amphibia,Caudata,Ambystomatidae,Dicamptodon,Dicamptodon aterrimus,2432026,NA,NA
15699,Plethodon idahoensis,Coeur d'Alene Salamander,NA,NA,TRUE,SGIN - E,2024-04-15T00:00:00Z,NA,NA,2431485,Animalia,Chordata,Amphibia,Caudata,Plethodontidae,Plethodon,Plethodon idahoensis,2431485,NA,NA
18111,Anas acuta,Northern Pintail,NA,NA,TRUE,SGCN,2024-04-16T00:00:00Z,NA,NA,2498112,Animalia,Chordata,Aves,Anseriformes,Anatidae,Anas,Anas acuta,2498112,NA,NA
15453,Spatula cyanoptera,Cinnamon Teal,NA,NA,TRUE,SGCN,2024-04-16T00:00:00Z,Formerly placed in the genus Anas.,NA,9345027,Animalia,Chordata,Aves,Anseriformes,Anatidae,Spatula,Spatula cyanoptera,9345027,NA,NA
19287,Cygnus buccinator,Trumpeter Swan,NA,TRUE,TRUE,SGCN,2024-04-16T00:00:00Z,NA,NA,2498345,Animalia,Chordata,Aves,Anseriformes,Anatidae,Cygnus,Cygnus buccinator,2498345,NA,NA
18872,Histrionicus histrionicus,Harlequin Duck,NA,TRUE,TRUE,SGCN,2024-04-16T00:00:00Z,NA,NA,2498224,Animalia,Chordata,Aves,Anseriformes,Anatidae,Histrionicus,Histrionicus histrionicus,2498224,NA,NA
16351,Cypseloides niger,Black Swift,NA,TRUE,TRUE,SGCN,2024-04-16T00:00:00Z,NA,NA,2477282,Animalia,Chordata,Aves,Apodiformes,Apodidae,Cypseloides,Cypseloides niger,2477282,NA,NA
17236,Chordeiles minor,Common Nighthawk,NA,TRUE,TRUE,SGCN,2024-04-16T00:00:00Z,NA,NA,2497035,Animalia,Chordata,Aves,Caprimulgiformes,Caprimulgidae,Chordeiles,Chordeiles minor,2497035,NA,NA
NA,Migratory Shorebird Assemblage,Migratory Shorebird Assemblage,NA,NA,TRUE,SGIN - E,2024-04-16T00:00:00Z,NA,"The SWAP 2023 migratory shorebird assemblage includes the following 16 species: American Golden-Plover, Semipalmated Plover, Marbled Godwit, Stilt Sandpiper, Sanderling, Dunlin, Baird's Sandpiper, Least Sandpiper, Pectoral Sandpiper, Semipalmated Sandpiper, Western Sandpiper, Long-billed Dowitcher, Solitary Sandpiper, Lesser Yellowlegs, Greater Yellowlegs, and Red-necked Phalarope.",NA,NA,NA,NA,NA,NA,NA,NA,NA,NA,NA
19458,Chlidonias niger,Black Tern,NA,TRUE,TRUE,SGCN,2024-04-16T00:00:00Z,NA,NA,2481119,Animalia,Chordata,Aves,Charadriiformes,Laridae,Chlidonias,Chlidonias niger,2481119,NA,NA
18702,Hydroprogne caspia,Caspian Tern,NA,TRUE,TRUE,SGCN,2024-04-16T00:00:00Z,NA,NA,2481236,Animalia,Chordata,Aves,Charadriiformes,Laridae,Hydroprogne,Hydroprogne caspia,2481236,NA,NA
15895,Larus californicus,California Gull,NA,TRUE,TRUE,SGCN,2024-04-16T00:00:00Z,NA,NA,2481146,Animalia,Chordata,Aves,Charadriiformes,Laridae,Larus,Larus californicus,2481146,NA,NA
15595,Larus delawarensis,Ring-billed Gull,NA,TRUE,TRUE,SGCN,2024-04-16T00:00:00Z,NA,NA,2481134,Animalia,Chordata,Aves,Charadriiformes,Laridae,Larus,Larus delawarensis,2481134,NA,NA
16522,Leucophaeus pipixcan,Franklin's Gull,NA,TRUE,TRUE,SGCN,2024-04-16T00:00:00Z,NA,NA,5846430,Animalia,Chordata,Aves,Charadriiformes,Laridae,Leucophaeus,Leucophaeus pipixcan,5846430,NA,NA
15609,Numenius americanus,Long-billed Curlew,NA,TRUE,TRUE,SGCN,2024-04-16T00:00:00Z,NA,NA,2481794,Animalia,Chordata,Aves,Charadriiformes,Scolopacidae,Numenius,Numenius americanus,2481794,NA,NA
17802,Botaurus lentiginosus,American Bittern,NA,TRUE,TRUE,SGCN,2024-04-16T00:00:00Z,NA,NA,2480911,Animalia,Chordata,Aves,Pelecaniformes,Ardeidae,Botaurus,Botaurus lentiginosus,2480911,NA,NA
18080,Plegadis chihi,White-faced Ibis,NA,TRUE,TRUE,SGCN,2024-04-16T00:00:00Z,NA,NA,9375033,Animalia,Chordata,Aves,Pelecaniformes,Threskiornithidae,Plegadis,Plegadis chihi,9375033,NA,NA
19476,Coccyzus americanus,Yellow-billed Cuckoo (Western DPS),NA,TRUE,TRUE,SGCN,2024-04-16T00:00:00Z,NA,NA,2496287,Animalia,Chordata,Aves,Cuculiformes,Cuculidae,Coccyzus,Coccyzus americanus,2496287,NA,NA
15974,Aquila chrysaetos,Golden Eagle,NA,TRUE,TRUE,SGCN,2024-04-16T00:00:00Z,NA,NA,2480506,Animalia,Chordata,Aves,Accipitriformes,Accipitridae,Aquila,Aquila chrysaetos,2480506,NA,NA
17654,Buteo regalis,Ferruginous Hawk,NA,TRUE,TRUE,SGCN,2024-04-16T00:00:00Z,NA,NA,2480566,Animalia,Chordata,Aves,Accipitriformes,Accipitridae,Buteo,Buteo regalis,2480566,NA,NA
18753,Oreortyx pictus,Mountain Quail,NA,TRUE,TRUE,SGCN,2024-04-16T00:00:00Z,NA,NA,2474320,Animalia,Chordata,Aves,Galliformes,Odontophoridae,Oreortyx,Oreortyx pictus,2474320,NA,NA
19187,Centrocercus urophasianus,Greater Sage-Grouse,NA,TRUE,TRUE,SGCN,2024-04-16T00:00:00Z,NA,NA,5959240,Animalia,Chordata,Aves,Galliformes,Phasianidae,Centrocercus,Centrocercus urophasianus,5959240,NA,NA
18922,Canachites canadensis,Spruce Grouse,NA,NA,TRUE,SGIN - E,2024-04-16T00:00:00Z,Formerly placed in the genus Falcipennis.,NA,2473502,Animalia,Chordata,Aves,Galliformes,Phasianidae,Canachites,Canachites canadensis,2473502,NA,NA
18395,Tympanuchus phasianellus,Sharp-tailed Grouse,NA,TRUE,TRUE,SGCN,2024-04-16T00:00:00Z,NA,NA,2473514,Animalia,Chordata,Aves,Galliformes,Phasianidae,Tympanuchus,Tympanuchus phasianellus,2473514,NA,NA
15698,Gavia immer,Common Loon,NA,TRUE,TRUE,SGCN,2024-04-16T00:00:00Z,NA,NA,2481962,Animalia,Chordata,Aves,Gaviiformes,Gaviidae,Gavia,Gavia immer,2481962,NA,NA
18640,Antigone canadensis,Sandhill Crane,NA,TRUE,TRUE,SGCN,2024-04-16T00:00:00Z,NA,NA,9036008,Animalia,Chordata,Aves,Gruiformes,Gruidae,Grus,Grus canadensis,2474953,NA,NA
16247,Gymnorhinus cyanocephalus,Pinyon Jay,NA,TRUE,TRUE,SGCN,2024-04-16T00:00:00Z,NA,NA,5229498,Animalia,Chordata,Aves,Passeriformes,Corvidae,Gymnorhinus,Gymnorhinus cyanocephalus,5229498,NA,NA
16032,Nucifraga columbiana,Clark's Nutcracker,NA,TRUE,TRUE,SGCN,2024-04-16T00:00:00Z,NA,NA,2482614,Animalia,Chordata,Aves,Passeriformes,Corvidae,Nucifraga,Nucifraga columbiana,2482614,NA,NA
17674,Perisoreus canadensis,Canada Jay,NA,NA,TRUE,SGCN,2024-04-16T00:00:00Z,NA,NA,2482436,Animalia,Chordata,Aves,Passeriformes,Corvidae,Perisoreus,Perisoreus canadensis,2482436,NA,NA
15540,Ammodramus savannarum,Grasshopper Sparrow,NA,TRUE,TRUE,SGCN,2024-04-16T00:00:00Z,NA,NA,2491123,Animalia,Chordata,Aves,Passeriformes,Passerellidae,Ammodramus,Ammodramus savannarum,2491123,NA,NA
18549,Artemisiospiza nevadensis,Sagebrush Sparrow,NA,TRUE,TRUE,SGCN,2024-04-16T00:00:00Z,NA,NA,8276794,Animalia,Chordata,Aves,Passeriformes,Passerellidae,Artemisiospiza,Artemisiospiza nevadensis,8276794,NA,NA
15831,Spizella breweri,Brewer's Sparrow,NA,NA,TRUE,SGCN,2024-04-16T00:00:00Z,NA,NA,2492099,Animalia,Chordata,Aves,Passeriformes,Passerellidae,Spizella,Spizella breweri,2492099,NA,NA
17261,Coccothraustes vespertinus,Evening Grosbeak,NA,NA,TRUE,SGIN - E,2024-04-16T00:00:00Z,NA,NA,2494321,Animalia,Chordata,Aves,Passeriformes,Fringillidae,Hesperiphona,Hesperiphona vespertina,2494324,NA,NA
16011,Haemorhous cassinii,Cassin's Finch,NA,NA,TRUE,SGCN,2024-04-16T00:00:00Z,NA,NA,8255548,Animalia,Chordata,Aves,Passeriformes,Fringillidae,Haemorhous,Haemorhous cassinii,8255548,NA,NA
19308,Leucosticte atrata,Black Rosy-Finch,NA,TRUE,TRUE,SGCN,2024-04-16T00:00:00Z,NA,NA,2494372,Animalia,Chordata,Aves,Passeriformes,Fringillidae,Leucosticte,Leucosticte atrata,2494372,NA,NA
18169,Leucosticte tephrocotis,Gray-crowned Rosy-Finch,NA,NA,TRUE,SGCN,2024-04-16T00:00:00Z,NA,NA,2494360,Animalia,Chordata,Aves,Passeriformes,Fringillidae,Leucosticte,Leucosticte tephrocotis,2494360,NA,NA
1344926,Loxia sinesciuris,Cassia Crossbill,NA,TRUE,TRUE,SGCN,2024-04-16T00:00:00Z,NA,NA,9308032,Animalia,Chordata,Aves,Passeriformes,Fringillidae,Loxia,Loxia sinesciuris,9308032,NA,NA
17303,Dolichonyx oryzivorus,Bobolink,NA,TRUE,TRUE,SGCN,2024-04-16T00:00:00Z,NA,NA,2484417,Animalia,Chordata,Aves,Passeriformes,Icteridae,Dolichonyx,Dolichonyx oryzivorus,2484417,NA,NA
18626,Lanius ludovicianus,Loggerhead Shrike,NA,NA,TRUE,SGCN,2024-04-16T00:00:00Z,NA,NA,2492870,Animalia,Chordata,Aves,Passeriformes,Laniidae,Lanius,Lanius ludovicianus,2492870,NA,NA
16738,Oreoscoptes montanus,Sage Thrasher,NA,TRUE,TRUE,SGCN,2024-04-16T00:00:00Z,NA,NA,2494973,Animalia,Chordata,Aves,Passeriformes,Mimidae,Oreoscoptes,Oreoscoptes montanus,2494973,NA,NA
18359,Anthus rubescens,American Pipit,NA,NA,TRUE,SGIN - E,2024-04-16T00:00:00Z,NA,NA,2490263,Animalia,Chordata,Aves,Passeriformes,Motacillidae,Anthus,Anthus rubescens,2490263,NA,NA
15875,Cardellina pusilla,Wilson's Warbler,NA,NA,TRUE,SGCN,2024-04-16T00:00:00Z,NA,NA,7341606,Animalia,Chordata,Aves,Passeriformes,Parulidae,Cardellina,Cardellina pusilla,7341606,NA,NA
16929,Contopus cooperi,Olive-sided Flycatcher,NA,TRUE,TRUE,SGCN,2024-04-16T00:00:00Z,NA,NA,5229743,Animalia,Chordata,Aves,Passeriformes,Tyrannidae,Contopus,Contopus cooperi,5229743,NA,NA
17345,Pelecanus erythrorhynchos,American White Pelican,NA,TRUE,TRUE,SGIN - E,2024-04-16T00:00:00Z,NA,NA,5229155,Animalia,Chordata,Aves,Pelecaniformes,Pelecanidae,Pelecanus,Pelecanus erythrorhynchos,5229155,NA,NA
19990,Melanerpes lewis,Lewis's Woodpecker,NA,TRUE,TRUE,SGCN,2024-04-16T00:00:00Z,NA,NA,2478142,Animalia,Chordata,Aves,Piciformes,Picidae,Melanerpes,Melanerpes lewis,2478142,NA,NA
15618,Dryobates albolarvatus,White-headed Woodpecker,NA,TRUE,TRUE,SGCN,2024-04-16T00:00:00Z,Formerly included in the genus Picoides.,NA,10876512,Animalia,Chordata,Aves,Piciformes,Picidae,Leuconotopicus,Leuconotopicus albolarvatus,9128444,NA,NA
18337,Aechmophorus clarkii,Clark's Grebe,NA,TRUE,TRUE,SGCN,2024-04-16T00:00:00Z,NA,NA,2482032,Animalia,Chordata,Aves,Podicipediformes,Podicipedidae,Aechmophorus,Aechmophorus clarkii,2482032,NA,NA
19787,Aechmophorus occidentalis,Western Grebe,NA,TRUE,TRUE,SGCN,2024-04-16T00:00:00Z,NA,NA,2482033,Animalia,Chordata,Aves,Podicipediformes,Podicipedidae,Aechmophorus,Aechmophorus occidentalis,2482033,NA,NA
15293,Podiceps nigricollis,Eared Grebe,NA,NA,TRUE,SGCN,2024-04-16T00:00:00Z,NA,NA,2482065,Animalia,Chordata,Aves,Podicipediformes,Podicipedidae,Podiceps,Podiceps nigricollis,2482065,NA,NA
19007,Aegolius funereus,Boreal Owl,NA,NA,TRUE,SGIN - E,2024-04-16T00:00:00Z,NA,NA,5739298,Animalia,Chordata,Aves,Strigiformes,Strigidae,Aegolius,Aegolius funereus,5739298,NA,NA
15544,Asio flammeus,Short-eared Owl,NA,TRUE,TRUE,SGCN,2024-04-16T00:00:00Z,NA,NA,2497295,Animalia,Chordata,Aves,Strigiformes,Strigidae,Asio,Asio flammeus,2497295,NA,NA
80477,Athene cunicularia,Burrowing Owl,NA,TRUE,TRUE,SGCN,2024-04-16T00:00:00Z,NA,NA,2497240,Animalia,Chordata,Aves,Strigiformes,Strigidae,Athene,Athene cunicularia,2497240,NA,NA
15848,Strix nebulosa,Great Gray Owl,NA,TRUE,TRUE,SGCN,2024-04-16T00:00:00Z,NA,NA,2497522,Animalia,Chordata,Aves,Strigiformes,Strigidae,Strix,Strix nebulosa,2497522,NA,NA
15532,Antilocapra americana,Pronghorn,NA,NA,TRUE,SGCN,2025-05-06T00:00:00Z,NA,NA,2440902,Animalia,Chordata,Mammalia,Artiodactyla,Antilocapridae,Antilocapra,Antilocapra americana,2440902,NA,NA
18271,Oreamnos americanus,Rocky Mountain Goat,Mountain Goat,TRUE,TRUE,SGCN,2025-05-06T00:00:00Z,NA,NA,2441151,Animalia,Chordata,Mammalia,Artiodactyla,Bovidae,Oreamnos,Oreamnos americanus,2441151,NA,NA
80168,Ovis canadensis californiana,California Bighorn Sheep,NA,TRUE,TRUE,SGCN,2025-05-06T00:00:00Z,This taxon is not recognized by NatureServe and therefore does not have a Grank,NA,4262555,Animalia,Chordata,Mammalia,Artiodactyla,Bovidae,Ovis,Ovis canadensis,4262555,Ovis canadensis californiana,NA
80082,Ovis canadensis canadensis,Rocky Mountain Bighorn Sheep,NA,TRUE,TRUE,SGCN,2025-05-06T00:00:00Z,NA,NA,4262538,Animalia,Chordata,Mammalia,Artiodactyla,Bovidae,Ovis,Ovis canadensis,4262538,Ovis canadensis canadensis,NA
77108,Alces alces,Moose,NA,NA,TRUE,SGCN,2025-05-06T00:00:00Z,NA,NA,2440940,Animalia,Chordata,Mammalia,Artiodactyla,Cervidae,Alces,Alces alces,2440940,NA,NA
17769,Rangifer tarandus,Caribou,NA,TRUE,TRUE,SGCN,2025-05-06T00:00:00Z,NA,NA,5220114,Animalia,Chordata,Mammalia,Artiodactyla,Cervidae,Rangifer,Rangifer tarandus,5220114,NA,NA
17479,Vulpes macrotis,Kit Fox,NA,NA,TRUE,SGIN - D,2025-05-06T00:00:00Z,NA,NA,5219311,Animalia,Chordata,Mammalia,Carnivora,Canidae,Vulpes,Vulpes macrotis,5219311,NA,NA
16860,Lynx canadensis,Canada Lynx,Canadian Lynx,NA,TRUE,SGCN,2025-05-06T00:00:00Z,"ASM mainCommonName is ""Canadian Lynx""; Idaho SWAP SGCN is ""Canada Lynx (Purcell Mountains)""",Only lynx in the Purcell Mountains are considered SGCN,2435263,Animalia,Chordata,Mammalia,Carnivora,Felidae,Lynx,Lynx canadensis,2435263,NA,NA
17557,Gulo gulo,Wolverine,NA,TRUE,TRUE,SGCN,2025-05-06T00:00:00Z,NA,NA,5219073,Animalia,Chordata,Mammalia,Carnivora,Mustelidae,Gulo,Gulo gulo,5219073,NA,NA
18839,Martes americana,American Marten,American Pine Marten,NA,TRUE,SGIN - E,2025-05-06T00:00:00Z,NA,NA,5218864,Animalia,Chordata,Mammalia,Carnivora,Mustelidae,Martes,Martes americana,5218864,NA,NA
18029,Pekania pennanti,Fisher,NA,TRUE,TRUE,SGCN,2025-05-06T00:00:00Z,NA,NA,8631083,Animalia,Chordata,Mammalia,Carnivora,Mustelidae,Pekania,Pekania pennanti,8631083,NA,NA
1867144,Ursus arctos pop. 6,Grizzly Bear (Greater Yellowstone Ecosystem population),Brown Bear,TRUE,TRUE,SGCN,2025-05-06T00:00:00Z,"ASM mainCommonName is ""Brown Bear""",NA,2433433,Animalia,Chordata,Mammalia,Carnivora,Ursidae,Ursus,Ursus arctos,2433433,NA,NA
1867144,Ursus arctos pop. 6,Grizzly Bear (Greater Yellowstone Ecosystem population),Brown Bear,TRUE,TRUE,SGCN,2025-05-06T00:00:00Z,"ASM mainCommonName is ""Brown Bear""",NA,2433433,Animalia,Chordata,Mammalia,Carnivora,Ursidae,Ursus,Ursus arctos,2433433,NA,NA
1986964,Ursus arctos pop. 7,Grizzly Bear (Selkirk–Cabinet population),Brown Bear,TRUE,TRUE,SGCN,2025-05-06T00:00:00Z,"ASM mainCommonName is ""Brown Bear""; Interagency Grizzly Bear Committee (IGBC) uses ""Selkirk/Cabinet–Yaak Ecosystems""",NA,2433433,Animalia,Chordata,Mammalia,Carnivora,Ursidae,Ursus,Ursus arctos,2433433,NA,NA
1986964,Ursus arctos pop. 7,Grizzly Bear (Selkirk–Cabinet population),Brown Bear,TRUE,TRUE,SGCN,2025-05-06T00:00:00Z,"ASM mainCommonName is ""Brown Bear""; Interagency Grizzly Bear Committee (IGBC) uses ""Selkirk/Cabinet–Yaak Ecosystems""",NA,2433433,Animalia,Chordata,Mammalia,Carnivora,Ursidae,Ursus,Ursus arctos,2433433,NA,NA
20004,Antrozous pallidus,Pallid Bat,NA,NA,TRUE,SGIN - E,2025-05-06T00:00:00Z,NA,NA,2432339,Animalia,Chordata,Mammalia,Chiroptera,Vespertilionidae,Antrozous,Antrozous pallidus,2432339,NA,NA
17659,Corynorhinus townsendii,Townsend's Big-eared Bat,NA,TRUE,TRUE,SGCN,2025-05-06T00:00:00Z,NA,NA,2432479,Animalia,Chordata,Mammalia,Chiroptera,Vespertilionidae,Corynorhinus,Corynorhinus townsendii,2432479,NA,NA
19549,Eptesicus fuscus,Big Brown Bat,NA,NA,TRUE,SGIN - E,2025-05-06T00:00:00Z,NA,NA,2432352,Animalia,Chordata,Mammalia,Chiroptera,Vespertilionidae,Eptesicus,Eptesicus fuscus,2432352,NA,NA
18838,Euderma maculatum,Spotted Bat,NA,NA,TRUE,SGIN - E,2025-05-06T00:00:00Z,NA,NA,2432579,Animalia,Chordata,Mammalia,Chiroptera,Vespertilionidae,Euderma,Euderma maculatum,2432579,NA,NA
18499,Lasionycteris noctivagans,Silver-haired Bat,NA,TRUE,TRUE,SGCN,2025-05-06T00:00:00Z,NA,NA,2432341,Animalia,Chordata,Mammalia,Chiroptera,Vespertilionidae,Lasionycteris,Lasionycteris noctivagans,2432341,NA,NA
20017,Lasiurus cinereus,Hoary Bat,NA,TRUE,TRUE,SGCN,2025-05-06T00:00:00Z,NA,NA,5218544,Animalia,Chordata,Mammalia,Chiroptera,Vespertilionidae,Aeorestes,Aeorestes cinereus,11138256,NA,NA
17751,Myotis ciliolabrum,Western Small-footed Myotis,NA,TRUE,TRUE,SGCN,2025-05-06T00:00:00Z,NA,NA,2432456,Animalia,Chordata,Mammalia,Chiroptera,Vespertilionidae,Myotis,Myotis ciliolabrum,2432456,NA,NA
77666,Myotis evotis,Long-eared Myotis,NA,NA,TRUE,SGIN - E,2025-05-06T00:00:00Z,NA,NA,2432413,Animalia,Chordata,Mammalia,Chiroptera,Vespertilionidae,Myotis,Myotis evotis,2432413,NA,NA
15639,Myotis lucifugus,Little Brown Myotis,Little Brown Bat,TRUE,TRUE,SGCN,2025-05-06T00:00:00Z,NA,NA,2432406,Animalia,Chordata,Mammalia,Chiroptera,Vespertilionidae,Myotis,Myotis lucifugus,2432406,NA,NA
15598,Myotis thysanodes,Fringed Myotis,NA,NA,TRUE,SGIN - D,2025-05-06T00:00:00Z,NA,NA,2432399,Animalia,Chordata,Mammalia,Chiroptera,Vespertilionidae,Myotis,Myotis thysanodes,2432399,NA,NA
16889,Myotis volans,Long-legged Myotis,NA,NA,TRUE,SGIN - E,2025-05-06T00:00:00Z,NA,NA,2432411,Animalia,Chordata,Mammalia,Chiroptera,Vespertilionidae,Myotis,Myotis volans,2432411,NA,NA
16074,Myotis yumanensis,Yuma Myotis,NA,NA,TRUE,SGCN,2025-05-06T00:00:00Z,NA,NA,2432461,Animalia,Chordata,Mammalia,Chiroptera,Vespertilionidae,Myotis,Myotis yumanensis,2432461,NA,NA
17954,Parastrellus hesperus,Canyon Bat,Western Pipistrelle,NA,TRUE,SGIN - E,2025-05-06T00:00:00Z,NA,NA,8397398,Animalia,Chordata,Mammalia,Chiroptera,Vespertilionidae,Parastrellus,Parastrellus hesperus,8397398,NA,NA
17243,Sylvilagus idahoensis,Pygmy Rabbit,NA,TRUE,TRUE,SGCN,2025-05-06T00:00:00Z,moved from Brachylagus to Sylvilagus,NA,2436689,Animalia,Chordata,Mammalia,Lagomorpha,Leporidae,Brachylagus,Brachylagus idahoensis,2436688,NA,NA
16618,Ochotona princeps,American Pika,NA,NA,TRUE,SGCN,2025-05-06T00:00:00Z,NA,NA,2436982,Animalia,Chordata,Mammalia,Lagomorpha,Ochotonidae,Ochotona,Ochotona princeps,2436982,NA,NA
19288,Mictomys borealis,Northern Bog Lemming,NA,TRUE,TRUE,SGIN - D,2025-05-06T00:00:00Z,"moved from Synaptomys to Mictomys; see Hope, A. G., Headlee, K. M., Olson, Z. H., & Wiens, B. J. (2023). Systematics, biogeography and phylogenomics of northern bog lemmings (Cricetidae), cold-temperate rodents of conservation concern under global change. Systematics and Biodiversity, 21(1), 2237050.",Need to update scientificName in SWAP,9439964,Animalia,Chordata,Mammalia,Rodentia,Cricetidae,Synaptomys,Synaptomys borealis,2438953,NA,NA
18109,Microdipodops megacephalus,Dark Kangaroo Mouse,NA,TRUE,TRUE,SGIN - D,2025-05-06T00:00:00Z,NA,NA,2439502,Animalia,Chordata,Mammalia,Rodentia,Heteromyidae,Microdipodops,Microdipodops megacephalus,2439502,NA,NA
17870,Marmota caligata,Hoary Marmot,NA,TRUE,TRUE,SGIN - E,2025-05-06T00:00:00Z,NA,NA,2437378,Animalia,Chordata,Mammalia,Rodentia,Sciuridae,Marmota,Marmota caligata,2437378,NA,NA
80252,Urocitellus brunneus,Northern Idaho Ground Squirrel,NA,TRUE,TRUE,SGCN,2025-05-06T00:00:00Z,"ASM mainCommonName for this taxon is ""Idaho Ground Squirrel""; according to ASM, the subspecies endemicus is occasionally considered a distinct species, although this has not been followed in most subsequent publications and the data presented in the publication splitting the two species does not appear to strongly support a two species model",NA,7640191,Animalia,Chordata,Mammalia,Rodentia,Sciuridae,Urocitellus,Urocitellus brunneus,7640191,NA,NA
16552,Urocitellus canus,Merriam's Ground Squirrel,NA,TRUE,TRUE,SGIN - E,2025-05-06T00:00:00Z,NA,NA,7548484,Animalia,Chordata,Mammalia,Rodentia,Sciuridae,Urocitellus,Urocitellus canus,7548484,NA,NA
81013,Urocitellus elegans nevadensis,Wyoming Ground Squirrel (ssp. nevadensis),NA,TRUE,TRUE,SGIN - E,2025-05-06T00:00:00Z,NA,NA,9125988,Animalia,Chordata,Mammalia,Rodentia,Sciuridae,Urocitellus,Urocitellus elegans,9125988,Urocitellus elegans nevadensis,NA
80667,Urocitellus endemicus,Southern Idaho Ground Squirrel,NA,TRUE,TRUE,SGCN,2025-05-06T00:00:00Z,"ASM does not recognize this taxon as a separate species and includes it in Urocitellus brunneus; according to ASM, the subspecies endemicus is occasionally considered a distinct species, although this has not been followed in most subsequent publications and the data presented in the publication splitting the two species does not appear to strongly support a two species model",NA,10746430,Animalia,Chordata,Mammalia,Rodentia,Sciuridae,Urocitellus,Urocitellus endemicus,10746430,NA,NA
18888,Sorex nanus,Dwarf Shrew,NA,NA,TRUE,SGIN - D,2025-05-06T00:00:00Z,NA,NA,2436108,Animalia,Chordata,Mammalia,Soricomorpha,Soricidae,Sorex,Sorex nanus,2436108,NA,NA
18543,Spilogale gracilis,Western Spotted Skunk,NA,NA,TRUE,SGIN - E,2025-05-06T00:00:00Z,NA,NA,2434835,Animalia,Chordata,Mammalia,Carnivora,Mephitidae,Spilogale,Spilogale gracilis,2434835,NA,NA
19008,Elgaria coerulea,Northern Alligator Lizard,NA,NA,TRUE,SGIN - D,2024-04-15T00:00:00Z,NA,NA,2468254,Animalia,Chordata,Squamata,NA,Anguidae,Elgaria,Elgaria coerulea,2468254,NA,NA
17968,Sonora semiannulata,Western Groundsnake,NA,NA,TRUE,SGIN - D,2024-04-15T00:00:00Z,NA,NA,2453084,Animalia,Chordata,Squamata,NA,Colubridae,Sonora,Sonora semiannulata,2453084,NA,NA
16152,Thamnophis sirtalis,Common Gartersnake,NA,NA,TRUE,SGCN,2024-04-15T00:00:00Z,NA,NA,2457522,Animalia,Chordata,Squamata,NA,Colubridae,Thamnophis,Thamnophis sirtalis,2457522,NA,NA
18788,Crotaphytus bicinctores,Great Basin Collared Lizard,NA,TRUE,TRUE,SGCN,2024-04-15T00:00:00Z,NA,NA,2470618,Animalia,Chordata,Squamata,NA,Crotaphytidae,Crotaphytus,Crotaphytus bicinctores,2470618,NA,NA
17126,Phrynosoma douglasii,Pygmy Short-horned Lizard,NA,NA,TRUE,SGIN - E,2024-04-15T00:00:00Z,NA,NA,2451089,Animalia,Chordata,Squamata,NA,Phrynosomatidae,Phrynosoma,Phrynosoma douglasii,2451089,NA,NA
17641,Phrynosoma platyrhinos,Desert Horned Lizard,NA,NA,TRUE,SGIN - E,2024-04-15T00:00:00Z,NA,NA,5222442,Animalia,Chordata,Squamata,NA,Phrynosomatidae,Phrynosoma,Phrynosoma platyrhinos,5222442,NA,NA
18744,Prosopium williamsoni,Mountain Whitefish,NA,NA,TRUE,SGCN,2024-04-16T00:00:00Z,NA,NA,2351530,Animalia,Chordata,NA,Salmoniformes,Salmonidae,Prosopium,Prosopium williamsoni,2351530,NA,NA
15409,Prosopium coulterii,Pygmy Whitefish,NA,NA,TRUE,SGIN - E,2024-04-16T00:00:00Z,NA,NA,2351517,Animalia,Chordata,NA,Salmoniformes,Salmonidae,Prosopium,Prosopium coulterii,2351517,NA,NA
15570,Cottus leiopomus,Wood River Sculpin,NA,NA,TRUE,SGCN,2024-04-16T00:00:00Z,NA,NA,2334122,Animalia,Chordata,NA,Scorpaeniformes,Cottidae,Cottus,Cottus leiopomus,2334122,NA,NA
15794,Acipenser transmontanus,White Sturgeon,NA,NA,TRUE,SGCN,2024-04-16T00:00:00Z,NA,NA,2402122,Animalia,Chordata,NA,Acipenseriformes,Acipenseridae,Acipenser,Acipenser transmontanus,2402122,NA,NA
15794,Acipenser transmontanus,White Sturgeon,NA,NA,TRUE,SGCN,2024-04-16T00:00:00Z,NA,NA,2402122,Animalia,Chordata,NA,Acipenseriformes,Acipenseridae,Acipenser,Acipenser transmontanus,2402122,NA,NA
16255,Prosopium gemmifer,Bonneville Cisco,NA,TRUE,TRUE,SGCN,2024-04-16T00:00:00Z,NA,NA,2351525,Animalia,Chordata,NA,Salmoniformes,Salmonidae,Prosopium,Prosopium gemmifer,2351525,NA,NA
16363,Cottus cognatus,Slimy Sculpin,NA,NA,TRUE,SGIN - E,2024-04-16T00:00:00Z,NA,NA,2334185,Animalia,Chordata,NA,Scorpaeniformes,Cottidae,Cottus,Cottus cognatus,2334185,NA,NA
16458,Lota lota,Burbot,NA,TRUE,TRUE,SGCN,2024-04-16T00:00:00Z,NA,NA,2415460,Animalia,Chordata,NA,Gadiformes,Lotidae,Lota,Lota lota,2415460,NA,NA
16582,Prosopium spilonotus,Bonneville Whitefish,NA,TRUE,TRUE,SGCN,2024-04-16T00:00:00Z,NA,NA,2351522,Animalia,Chordata,NA,Salmoniformes,Salmonidae,Prosopium,Prosopium spilonotus,2351522,NA,NA
17473,Entosphenus tridentatus,Pacific Lamprey,NA,TRUE,TRUE,SGCN,2024-04-16T00:00:00Z,NA,NA,2421422,Animalia,Chordata,Petromyzonti,Petromyzontiformes,Petromyzontidae,Entosphenus,Entosphenus tridentatus,2421422,NA,NA
17754,Cottus greenei,Shoshone Sculpin,NA,NA,TRUE,SGIN - D,2024-04-16T00:00:00Z,NA,NA,2334127,Animalia,Chordata,NA,Scorpaeniformes,Cottidae,Cottus,Cottus greenei,2334127,NA,NA
17770,Prosopium abyssicola,Bear Lake Whitefish,NA,TRUE,TRUE,SGCN,2024-04-16T00:00:00Z,NA,NA,2351528,Animalia,Chordata,NA,Salmoniformes,Salmonidae,Prosopium,Prosopium abyssicola,2351528,NA,NA
18700,Pantosteus virescens,Green Sucker,NA,NA,TRUE,SGIN - E,2024-04-16T00:00:00Z,NA,NA,8916437,Animalia,Chordata,NA,Cypriniformes,Catostomidae,Catostomus,Pantosteus virescens,8916437,NA,NA
18798,Couesius plumbeus,Lake Chub,NA,NA,TRUE,SGIN - D,2024-04-16T00:00:00Z,NA,NA,2360898,Animalia,Chordata,NA,Cypriniformes,Cyprinidae,Couesius,Couesius plumbeus,2360898,NA,NA
19737,Salvelinus confluentus,Bull Trout,NA,NA,TRUE,SGCN,2024-04-16T00:00:00Z,NA,NA,2351244,Animalia,Chordata,NA,Salmoniformes,Salmonidae,Salvelinus,Salvelinus confluentus,2351244,NA,NA
19980,Rhinichthys falcatus,Leopard Dace,NA,NA,TRUE,SGIN - E,2024-04-16T00:00:00Z,NA,NA,2359819,Animalia,Chordata,NA,Cypriniformes,Cyprinidae,Rhinichthys,Rhinichthys falcatus,2359819,NA,NA
20071,Cottus extensus,Bear Lake Sculpin,NA,TRUE,TRUE,SGCN,2024-04-16T00:00:00Z,NA,NA,2334120,Animalia,Chordata,NA,Scorpaeniformes,Cottidae,Cottus,Cottus extensus,2334120,NA,NA
74379,Lepidomeda copei,Northern Leatherside Chub,NA,TRUE,TRUE,SGCN,2024-04-16T00:00:00Z,NA,NA,2361899,Animalia,Chordata,NA,Cypriniformes,Cyprinidae,Lepidomeda,Lepidomeda copei,2361899,NA,NA
79784,Oncorhynchus nerka pop. 1,Sockeye Salmon (Snake River ESU),NA,TRUE,TRUE,SGCN,2024-04-16T00:00:00Z,NA,NA,5204039,Animalia,Chordata,NA,Salmoniformes,Salmonidae,Oncorhynchus,Oncorhynchus nerka,5204039,NA,NA
79812,Oncorhynchus mykiss pop. 13,Steelhead (Snake River Basin DPS),NA,TRUE,TRUE,SGCN,2024-04-16T00:00:00Z,"The term ""steelhead"" is applied to Pacific slope sea-run Rainbow Trout and some populations in large lakes in eastern North America (and running to the Atlantic), where they were introduced.",NA,5204019,Animalia,Chordata,NA,Salmoniformes,Salmonidae,Oncorhynchus,Oncorhynchus mykiss,5204019,NA,NA
79978,Oncorhynchus tshawytscha pop. 8,Chinook Salmon (Snake River spring/summer-run ESU),NA,TRUE,TRUE,SGCN,2024-04-16T00:00:00Z,NA,NA,5204024,Animalia,Chordata,NA,Salmoniformes,Salmonidae,Oncorhynchus,Oncorhynchus tshawytscha,5204024,NA,NA
79978,Oncorhynchus tshawytscha pop. 8,Chinook Salmon (Snake River spring/summer-run ESU),NA,TRUE,TRUE,SGCN,2024-04-16T00:00:00Z,NA,NA,5204024,Animalia,Chordata,NA,Salmoniformes,Salmonidae,Oncorhynchus,Oncorhynchus tshawytscha,5204024,NA,NA
80060,Oncorhynchus clarkii bouvieri,Yellowstone Cutthroat Trout,NA,NA,TRUE,SGCN,2024-04-16T00:00:00Z,NA,NA,5722956,Animalia,Chordata,NA,Salmoniformes,Salmonidae,Oncorhynchus,Oncorhynchus clarkii,5722956,Oncorhynchus clarki bouvieri,NA
80327,Oncorhynchus clarkii utah,Bonneville Cutthroat Trout,NA,NA,TRUE,SGCN,2024-04-16T00:00:00Z,NA,NA,5711989,Animalia,Chordata,NA,Salmoniformes,Salmonidae,Oncorhynchus,Oncorhynchus clarkii,5711989,Oncorhynchus clarkii utah,NA
80379,Oncorhynchus tshawytscha pop. 2,Chinook Salmon (Snake River fall-run ESU),NA,TRUE,TRUE,SGCN,2024-04-16T00:00:00Z,NA,NA,5204024,Animalia,Chordata,NA,Salmoniformes,Salmonidae,Oncorhynchus,Oncorhynchus tshawytscha,5204024,NA,NA
80379,Oncorhynchus tshawytscha pop. 2,Chinook Salmon (Snake River fall-run ESU),NA,TRUE,TRUE,SGCN,2024-04-16T00:00:00Z,NA,NA,5204024,Animalia,Chordata,NA,Salmoniformes,Salmonidae,Oncorhynchus,Oncorhynchus tshawytscha,5204024,NA,NA
80738,Acipenser transmontanus pop. 1,White Sturgeon (Kootenai River DPS),NA,TRUE,TRUE,SGCN,2024-04-16T00:00:00Z,NA,NA,2402122,Animalia,Chordata,NA,Acipenseriformes,Acipenseridae,Acipenser,Acipenser transmontanus,2402122,NA,NA
80738,Acipenser transmontanus pop. 1,White Sturgeon (Kootenai River DPS),NA,TRUE,TRUE,SGCN,2024-04-16T00:00:00Z,NA,NA,2402122,Animalia,Chordata,NA,Acipenseriformes,Acipenseridae,Acipenser,Acipenser transmontanus,2402122,NA,NA
665545,Cottus schitsuumsh,Cedar Sculpin,NA,NA,TRUE,SGIN - E,2024-04-16T00:00:00Z,NA,NA,7995414,Animalia,Chordata,NA,Scorpaeniformes,Cottidae,Cottus,Cottus schitsuumsh,7995414,NA,NA
28349,Acrolophitus pulchellus,Idaho Point-headed Grasshopper,NA,TRUE,TRUE,SGCN,2024-04-17T00:00:00Z,NA,NA,1708801,Animalia,Arthropoda,Insecta,Orthoptera,Acrididae,Acrolophitus,Acrolophitus pulchellus,1708801,NA,NA
NA,genus Acuclavella species group,Harvestman genus Acuclavella species group,NA,TRUE,TRUE,SGIN - D,2024-04-19T00:00:00Z,NA,"The harvestman genus Acuclavella species group includes the following 5 species: Acuclavella cosmetoides, A. shoshone, A. merickeli, A. quattuor, and A. sheari.",8513230,Animalia,Arthropoda,Insecta,Diptera,Milichiidae,Genus,NA,8513230,NA,NA
NA,genus Acuclavella species group,Harvestman genus Acuclavella species group,NA,TRUE,TRUE,SGIN - D,2024-04-19T00:00:00Z,NA,"The harvestman genus Acuclavella species group includes the following 5 species: Acuclavella cosmetoides, A. shoshone, A. merickeli, A. quattuor, and A. sheari.",8513230,Animalia,Arthropoda,Insecta,Diptera,Milichiidae,Genus,NA,8513230,NA,NA
NA,genus Acuclavella species group,Harvestman genus Acuclavella species group,NA,TRUE,TRUE,SGIN - D,2024-04-19T00:00:00Z,NA,"The harvestman genus Acuclavella species group includes the following 5 species: Acuclavella cosmetoides, A. shoshone, A. merickeli, A. quattuor, and A. sheari.",8513230,Animalia,Arthropoda,Insecta,Diptera,Milichiidae,Genus,NA,8513230,NA,NA
30695,Allogona lombardii,Selway Forestsnail,NA,TRUE,TRUE,SGIN - D,2024-04-18T00:00:00Z,NA,NA,2295641,Animalia,Mollusca,Gastropoda,Stylommatophora,Polygyridae,Allogona,Allogona lombardii,2295641,NA,NA
1473988,Amblyderus owyhee,an ant-like flower beetle,NA,TRUE,TRUE,SGIN - D,2024-04-24T00:00:00Z,NA,NA,1047010,Animalia,Arthropoda,Insecta,Coleoptera,Anthicidae,Amblyderus,Amblyderus owyhee,1047010,NA,NA
32607,Ameletus tolae,a mayfly,NA,TRUE,TRUE,SGIN - D,2024-04-18T00:00:00Z,NA,NA,1407497,Animalia,Arthropoda,Insecta,Ephemeroptera,Ameletidae,Ameletus,Ameletus tolae,1407497,NA,NA
26056,Anguispira nimapuna,Nimapu Tigersnail,NA,TRUE,TRUE,SGCN,2024-04-18T00:00:00Z,"The common name was listed in the 1st edition as ""Nimapuna [sic] disc."" The species was named for the Nimapu, or Nez Percé, tribe (see Turgeon et al. 1998, p. 292); internal note: this still isn't correct—it should be ""Nimiipuu""; in addition, Turgeon et al. (1998; p. 291) proposed changing the collective common name from ""disc"" to ""tigersnail"" for Anguispira species. The latter name has been used in several listings of midwestern landsnails; this change also restricts ""disc"" to the genus Discus.",NA,2294165,Animalia,Mollusca,Gastropoda,Stylommatophora,Discidae,Anguispira,Anguispira nimapuna,2294165,NA,NA
21061,Apatania barri,a caddisfly,NA,TRUE,TRUE,SGIN - D,2024-04-19T00:00:00Z,NA,NA,1441229,Animalia,Arthropoda,Insecta,Trichoptera,Apataniidae,Apatania,Apatania barri,1441229,NA,NA
28189,Arctopora salmon,a caddisfly,NA,TRUE,TRUE,SGIN - D,2024-04-19T00:00:00Z,NA,NA,1442141,Animalia,Arthropoda,Insecta,Trichoptera,Limnephilidae,Arctopora,Arctopora salmon,1442141,NA,NA
29789,Argiacris amissuli,a grasshopper,NA,TRUE,TRUE,SGIN - D,2024-04-17T00:00:00Z,NA,NA,1704880,Animalia,Arthropoda,Insecta,Orthoptera,Acrididae,Argiacris,Argiacris amissuli,1704880,NA,NA
26696,Argiacris keithi,a grasshopper,NA,TRUE,TRUE,SGIN - D,2024-04-17T00:00:00Z,NA,NA,1704881,Animalia,Arthropoda,Insecta,Orthoptera,Acrididae,Argiacris,Argiacris keithi,1704881,NA,NA
32721,Argiacris militaris,a grasshopper,NA,TRUE,TRUE,SGIN - D,2024-04-17T00:00:00Z,NA,NA,1704883,Animalia,Arthropoda,Insecta,Orthoptera,Acrididae,Argiacris,Argiacris militaris,1704883,NA,NA
1475278,Ashmeadiella sculleni,a leafcutting bee,NA,TRUE,TRUE,SGIN - D,2024-05-13T00:00:00Z,no definitive common name; used group name for family Megachilidae (leafcutting bees) from OneZoom tree of life explorer,NA,1337437,Animalia,Arthropoda,Insecta,Hymenoptera,Megachilidae,Ashmeadiella,Ashmeadiella sculleni,1337437,NA,NA
23367,Barracris petraea,a grasshopper,NA,TRUE,TRUE,SGIN - D,2024-04-17T00:00:00Z,NA,NA,1701000,Animalia,Arthropoda,Insecta,Orthoptera,Acrididae,Barracris,Barracris petraea,1701000,NA,NA
1473938,Beckerus barri,a click beetle,NA,TRUE,TRUE,SGIN - D,2024-05-14T00:00:00Z,no definitive common name; used group name for Elateridae (click beetles) from Majka and Johnson (2008),NA,6976780,Animalia,Arthropoda,Insecta,Coleoptera,Elateridae,Beckerus,NA,6976780,NA,NA
20233,Bombus fervidus,Yellow Bumble Bee,NA,TRUE,TRUE,SGCN,2024-04-17T00:00:00Z,NA,NA,1340478,Animalia,Arthropoda,Insecta,Hymenoptera,Apidae,Bombus,Bombus fervidus,1340478,NA,NA
30805,Bombus kirbiellus,High Country Bumble Bee,NA,NA,TRUE,SGIN - D,2024-04-17T00:00:00Z,Williams et al. (2015) separated Old World from New World sister populations for B. balteatus/B. kirbiellus,NA,10409744,Animalia,Arthropoda,Insecta,Hymenoptera,Apidae,Bombus,Bombus kirbiellus,10409744,NA,NA
1475540,Bombus morrisoni,Morrison Bumble Bee,NA,TRUE,TRUE,SGCN,2024-04-17T00:00:00Z,NA,NA,1340475,Animalia,Arthropoda,Insecta,Hymenoptera,Apidae,Bombus,Bombus morrisoni,1340475,NA,NA
78169,Bombus occidentalis,Western Bumble Bee,NA,TRUE,TRUE,SGCN,2024-04-17T00:00:00Z,NA,NA,1340429,Animalia,Arthropoda,Insecta,Hymenoptera,Apidae,Bombus,Bombus occidentalis,1340429,NA,NA
1475541,Bombus suckleyi,Suckley Cuckoo Bumble Bee,NA,TRUE,TRUE,SGCN,2024-04-17T00:00:00Z,NA,NA,1340283,Animalia,Arthropoda,Insecta,Hymenoptera,Apidae,Bombus,Bombus suckleyi,1340283,NA,NA
366339,Branchinecta constricta,Constricted Fairy Shrimp,NA,NA,TRUE,SGIN - D,2024-04-19T00:00:00Z,NA,NA,8001352,Animalia,Arthropoda,Branchiopoda,Anostraca,Branchinectidae,Branchinecta,Branchinecta constricta,8001352,NA,NA
78116,Branchinecta raptor,Raptor Fairy Shrimp,NA,TRUE,TRUE,SGCN,2024-04-19T00:00:00Z,NA,NA,8559329,Animalia,Arthropoda,Branchiopoda,Anostraca,Branchinectidae,Branchinecta,Branchinecta raptor,8559329,NA,NA
1475434,Calliopsis barri,a mining bee,NA,TRUE,TRUE,SGIN - D,2024-05-14T00:00:00Z,no definitive common name; used group name for family Andrendidae (mining bees) from OneZoom tree of life explorer; also andrenid bees,NA,5042939,Animalia,Arthropoda,Insecta,Hymenoptera,Andrenidae,Calliopsis,Calliopsis barri,5042939,NA,NA
22709,Capnia lineata,Straight Snowfly,NA,TRUE,TRUE,SGIN - D,2024-04-17T00:00:00Z,NA,NA,5151910,Animalia,Arthropoda,Insecta,Plecoptera,Capniidae,Capnia,Capnia lineata,5151910,NA,NA
30657,Capnia zukeli,Idaho Snowfly,NA,TRUE,TRUE,SGIN - D,2024-04-17T00:00:00Z,NA,NA,5152009,Animalia,Arthropoda,Insecta,Plecoptera,Capniidae,Capnia,Capnia zukeli,5152009,NA,NA
28124,Capnura anas,Duckhead Snowfly,NA,TRUE,TRUE,SGIN - D,2024-04-17T00:00:00Z,NA,Plecoptera SF shows distribution for this species as restricted to Oregon,2002177,Animalia,Arthropoda,Insecta,Plecoptera,Capniidae,Capnura,Capnura anas,2002177,NA,NA
21948,Caurinella idahoensis,Lolo Mayfly,NA,TRUE,TRUE,SGIN - E,2024-04-18T00:00:00Z,NA,NA,1408280,Animalia,Arthropoda,Insecta,Ephemeroptera,Ephemerellidae,Caurinella,Caurinella idahoensis,1408280,NA,NA
25224,Cicindela arenicola,St. Anthony Dune Tiger Beetle,Idaho Dunes Tiger Beetle,TRUE,TRUE,SGCN,2024-04-19T00:00:00Z,NA,NA,1034727,Animalia,Arthropoda,Insecta,Coleoptera,Carabidae,Cicindela,Cicindela arenicola,1034727,NA,NA
1473169,Chrysobothris horningi,a metallic wood-boring beetle,NA,TRUE,TRUE,SGIN - D,2024-05-16T00:00:00Z,no definitive common name; used group name for superfamily Buprestoidea (metallic wood-boring beetles) from OneZoom tree of life explorer; (Buprestidae),NA,6003089,Animalia,Arthropoda,Insecta,Coleoptera,Buprestidae,Chrysobothris,Chrysobothris horningi,6003089,NA,NA
1473170,Chrysobothris idahoensis,a metallic wood-boring beetle,NA,TRUE,TRUE,SGIN - T,2024-05-16T00:00:00Z,no definitive common name; used group name for superfamily Buprestoidea (metallic wood-boring beetles) from OneZoom tree of life explorer; (Buprestidae),NA,6003103,Animalia,Arthropoda,Insecta,Coleoptera,Buprestidae,Chrysobothris,Chrysobothris idahoensis,6003103,NA,NA
30014,Cicindela columbica,Columbia River Tiger Beetle,NA,TRUE,TRUE,SGCN,2024-04-19T00:00:00Z,NA,NA,1034886,Animalia,Arthropoda,Insecta,Coleoptera,Carabidae,Cicindela,Cicindela columbica,1034886,NA,NA
23076,Cicindela decemnotata montevolans,a tiger beetle,NA,TRUE,TRUE,SGIN - D,2024-04-19T00:00:00Z,NA,NA,9456000,Animalia,Arthropoda,Insecta,Coleoptera,Carabidae,Cicindela,Cicindela decemnotata,9456000,Cicindela decemnotata montevolans,NA
22295,Cicindela waynei,Bruneau Dune Tiger Beetle,NA,TRUE,TRUE,SGCN,2024-04-19T00:00:00Z,NA,NA,1034965,Animalia,Arthropoda,Insecta,Coleoptera,Carabidae,Cicindela,Cicindela waynei,1034965,NA,NA
32032,Cryptomastix harfordiana,Salmon Oregonian,NA,TRUE,TRUE,SGIN - D,2024-04-18T00:00:00Z,NA,NA,2295936,Animalia,Mollusca,Gastropoda,Stylommatophora,Polygyridae,Cryptomastix,Cryptomastix harfordiana,2295936,NA,NA
23218,Cryptomastix hendersoni,Columbia Oregonian,NA,NA,TRUE,SGIN - T,2024-04-18T00:00:00Z,NA,NA,2295941,Animalia,Mollusca,Gastropoda,Stylommatophora,Polygyridae,Cryptomastix,Cryptomastix hendersoni,2295941,NA,NA
22608,Cryptomastix magnidentata,Mission Creek Oregonian,NA,TRUE,TRUE,SGCN,2024-04-18T00:00:00Z,NA,NA,2295939,Animalia,Mollusca,Gastropoda,Stylommatophora,Polygyridae,Cryptomastix,Cryptomastix magnidentata,2295939,NA,NA
32629,Cryptomastix populi,Poplar Oregonian,NA,TRUE,TRUE,SGIN - D,2024-05-01T00:00:00Z,"IDFG previously used ""Cottonwood Oregonian"" as the common name, which is used by Burke TE. 2013. Land snails and slugs of the Pacific Northwest. Photographs by William P Leonard. Corvallis (OR): Oregon State University Press. (see p. 168); However, Frest and Johannes (2000), as well as others (e.g., NatureServe, iNaturalist) use ""Poplar Oregonian""; originally described by Vanatta EG. 1924. Descriptions of four new American shells. Proc Acad Nat Sci Phila. [accessed 2024 May 1];76:25–27. http://www.jstor.org.uidaho.idm.oclc.org/stable/4063917.","need to get a copy of https://osupress.oregonstate.edu/index.php/book/land-snails-and-slugs-of-pacific-northwest to check taxonomy; also see Frest TJ, Johannes EJ. 1997. Land snail survey of the lower Salmon River drainage, Idaho. Boise (ID): Bureau of Land Management Idaho Technical Bulletin No. 97-18. [accessed 2024 Jun 6]. https://archive.org/details/landsnailsurveyo13fres.",10618517,Animalia,Mollusca,Gastropoda,Stylommatophora,Polygyridae,Cryptomastix,Cryptomastix populi,10618517,NA,NA
21608,Danaus plexippus,Monarch Butterfly,NA,TRUE,TRUE,SGCN,2024-04-17T00:00:00Z,NA,NA,5133088,Animalia,Arthropoda,Insecta,Lepidoptera,Nymphalidae,Danaus,Danaus plexippus,5133088,NA,NA
20244,Discus marmorensis,Marbled Disc,NA,TRUE,TRUE,SGCN,2024-04-18T00:00:00Z,NA,NA,5190493,Animalia,Mollusca,Gastropoda,Stylommatophora,Discidae,Discus,Discus marmorensis,5190493,NA,NA
23240,Driloleirus americanus,Giant Palouse Earthworm,NA,TRUE,TRUE,SGIN - D,2024-05-15T00:00:00Z,NA,NA,5782042,Animalia,Annelida,Clitellata,Crassiclitellata,Megascolecidae,Driloleirus,Driloleirus americanus,5782042,NA,NA
21341,Euphydryas gillettii,Gillette's Checkerspot,NA,TRUE,TRUE,SGCN,2024-04-17T00:00:00Z,NA,NA,4299348,Animalia,Arthropoda,Insecta,Lepidoptera,Nymphalidae,Hypodryas,Hypodryas gillettii,1902175,NA,NA
30578,Euproserpinus wiesti,Wiest's Primrose Sphinx,NA,TRUE,TRUE,SGIN - D,2024-04-19T00:00:00Z,NA,NA,1862662,Animalia,Arthropoda,Insecta,Lepidoptera,Sphingidae,Euproserpinus,Euproserpinus wiesti,1862662,NA,NA
32919,Fisherola nuttalli,Shortface Lanx,NA,NA,TRUE,SGCN,2024-04-17T00:00:00Z,NA,NA,2291238,Animalia,Mollusca,Gastropoda,NA,Lymnaeidae,Fisherola,Fisherola nuttallii,2291238,NA,NA
32397,Flabellorhagidia pecki,a cave obligate mite,NA,TRUE,TRUE,SGIN - D,2024-05-15T00:00:00Z,no definitive common name; rhagidiid mite; troglobitic,NA,4651285,Animalia,Arthropoda,Arachnida,Trombidiformes,Rhagidiidae,Flabellorhagidia,NA,4651285,NA,NA
605793,Fluminicola gustafsoni,Salmon River Pebblesnail,NA,TRUE,TRUE,SGIN - D,2024-04-17T00:00:00Z,NA,NA,8004919,Animalia,Mollusca,Gastropoda,Littorinimorpha,Lithoglyphidae,Fluminicola,Fluminicola gustafsoni,8004919,NA,NA
22375,Fluminicola minutissimus,Pixie Pebblesnail,NA,TRUE,TRUE,SGIN - D,2024-04-17T00:00:00Z,NA,NA,5192424,Animalia,Mollusca,Gastropoda,Littorinimorpha,Lithoglyphidae,Fluminicola,Fluminicola minutissimus,5192424,NA,NA
21107,Gaufinia gaufini,Utah Sallfly,NA,TRUE,TRUE,SGIN - D,2024-04-17T00:00:00Z,Previously Sweltsa gaufini; Gaufinia is proposed as a new genus for the Sweltsa lamba species group by Stark and Baumann (2021).,"See Stark BP, Baumann RW. 2021. Gaufinia, a new stonefly genus (Plecoptera: Chloroperlidae), with the description of six new species from western North America. Monogr West N Am Nat. [accessed 10/1];13(1):1–35. https://doi.org/10.3398/042.013.0101. doi:10.3398/042.013.0101.",12171722,Animalia,Arthropoda,Insecta,Plecoptera,Chloroperlidae,Gaufinia,Gaufinia gaufini,12171722,NA,NA
28887,Glacicavicola bathyscioides,Blind Cave Leiodid Beetle,NA,TRUE,TRUE,SGIN - E,2024-05-14T00:00:00Z,"no definitive common name; IUCN uses ""Blind Cave Beetle""(Leiodidae)",NA,9628714,Animalia,Arthropoda,Insecta,Coleoptera,Leiodidae,Glacicavicola,Glacicavicola bathyscioides,9628714,NA,NA
22070,Glossosoma idaho,a caddisfly,NA,TRUE,TRUE,SGIN - D,2024-04-19T00:00:00Z,NA,NA,1430449,Animalia,Arthropoda,Insecta,Trichoptera,Glossosomatidae,Glossosoma,Glossosoma idaho,1430449,NA,NA
23996,Goereilla baumanni,a caddisfly,NA,TRUE,TRUE,SGIN - D,2024-04-19T00:00:00Z,NA,NA,1441329,Animalia,Arthropoda,Insecta,Trichoptera,Rossianidae,Goereilla,Goereilla baumanni,1441329,NA,NA
22847,Gonidea angulata,Western Ridged Mussel,NA,TRUE,TRUE,SGCN,2024-04-17T00:00:00Z,NA,NA,2287883,Animalia,Mollusca,Bivalvia,Unionida,Unionidae,Gonidea,Gonidea angulata,2287883,NA,NA
1474112,Hemphillia skadei,Skade's Jumping-slug,NA,TRUE,TRUE,SGIN - D,2024-04-17T00:00:00Z,NA,NA,9650185,Animalia,Mollusca,Gastropoda,Stylommatophora,Binneyidae,Hemphillia,Hemphillia skadei,9650185,NA,NA
20378,Homophylax auricularis,a caddisfly,NA,TRUE,TRUE,SGIN - D,2024-04-19T00:00:00Z,NA,NA,1442364,Animalia,Arthropoda,Insecta,Trichoptera,Limnephilidae,Homophylax,Homophylax auricularis,1442364,NA,NA
1473935,Hydroscapha redfordi,a skiff beetle,NA,TRUE,TRUE,SGIN - E,2024-05-14T00:00:00Z,no definitive common name; used group name (skiff beetles) from Maier et al. (2010),NA,10816110,Animalia,Arthropoda,Insecta,Coleoptera,Hydroscaphidae,Hydroscapha,Hydroscapha redfordi,10816110,NA,NA
1475961,Hylaeus lunicraterius,a yellow-faced bee,NA,TRUE,TRUE,SGIN - D,2024-05-15T00:00:00Z,no definitive common name; used group name for subfamily Hylaeinae (yellow-faced bees) from OneZoom tree of life explorerfrom,NA,1349559,Animalia,Arthropoda,Insecta,Hymenoptera,Colletidae,Hylaeus,Hylaeus lunicraterius,1349559,NA,NA
74307,Idagona westcotti,Idaho Lava Tube Millipede,NA,TRUE,TRUE,SGIN - D,2024-04-18T00:00:00Z,NA,NA,1023575,Animalia,Arthropoda,Diplopoda,Chordeumatida,Conotylidae,Idagona,Idagona westcotti,1023575,NA,NA
25757,Idaholanx fresti,Banbury Springs Limpet,NA,TRUE,TRUE,SGCN,2024-04-17T00:00:00Z,NA,NA,9473035,Animalia,Mollusca,Gastropoda,NA,Lymnaeidae,Idaholanx,Idaholanx fresti,9473035,NA,NA
1474038,Isocapnia palousa,Palouse Snowfly,NA,TRUE,TRUE,SGIN - D,2024-04-17T00:00:00Z,NA,NA,2002467,Animalia,Arthropoda,Insecta,Plecoptera,Capniidae,Isocapnia,Isocapnia palousa,2002467,NA,NA
23097,Ladislavella idahoensis,Shortspire Pondsnail,NA,NA,TRUE,SGCN,2024-04-17T00:00:00Z,Placed in Ladislavella. Petition Gastropod 2021-02.,NA,10065345,Animalia,Mollusca,Gastropoda,NA,Lymnaeidae,Ladislavella,Ladislavella idahoensis,10065345,NA,NA
22297,Limnephilus challisa,a caddisfly,NA,TRUE,TRUE,SGIN - D,2024-04-19T00:00:00Z,NA,NA,1442564,Animalia,Arthropoda,Insecta,Trichoptera,Limnephilidae,Limnephilus,Limnephilus challisa,1442564,NA,NA
82030,Lycaena hypophlaeas arctodon,Beartooth Copper,NA,TRUE,TRUE,SGIN - E,2024-12-31T00:00:00Z,NA,NA,11720834,Animalia,Arthropoda,Insecta,Lepidoptera,Lycaenidae,Lycaena,Lycaena hypophlaeas,11720834,NA,NA
28232,Malenka tina,Tiny Forestfly,NA,TRUE,TRUE,SGIN - D,2024-04-17T00:00:00Z,NA,NA,2002850,Animalia,Arthropoda,Insecta,Plecoptera,Nemouridae,Malenka,Malenka tina,2002850,NA,NA
20360,Manophylax annulatus,a caddisfly,NA,TRUE,TRUE,SGIN - D,2024-04-19T00:00:00Z,NA,NA,1441240,Animalia,Arthropoda,Insecta,Trichoptera,Apataniidae,Manophylax,Manophylax annulatus,1441240,NA,NA
20574,Margaritifera falcata,Western Pearlshell,NA,TRUE,TRUE,SGCN,2024-04-17T00:00:00Z,NA,NA,2287872,Animalia,Mollusca,Bivalvia,Unionida,Margaritiferidae,Margaritifera,Margaritifera falcata,2287872,NA,NA
33068,Megaleuctra kincaidi,Cascades Needlefly,NA,TRUE,TRUE,SGIN - D,2024-04-17T00:00:00Z,NA,NA,2002036,Animalia,Arthropoda,Insecta,Plecoptera,Leuctridae,Megaleuctra,Megaleuctra kincaidi,2002036,NA,NA
1473949,genus Melanoplus species group,Spur-throat grasshopper genus Melanoplus species group,NA,TRUE,TRUE,SGIN - E,2024-04-17T00:00:00Z,NA,"The spur-throat grasshopper genus Melanoplus species group includes the following 34 species: Melanoplus aix, M. alector, M. artemisiae, M. baldi, M. cinereus, M. daemon, M. digitifer, M. idaho, M. illash, M. indigens, M. ixalus, M. latah, M. lemhiensis, M. lemurus, M. lolo, M. marshalli, M. militaris, M. obex, M. ohadi, M. papoosense, M. papyraedus, M. payettei, M. phobetico, M. pyro, M. salmonis, M. shoshoni, M. sol, M. stipes, M. tendoyense, M. tincupense, M. trigeminus, M. washingtonius, M. xenus, and M. zeus. Note: this needs to be corrected because ""M. militaris"" should be Argiacris militaris, which is already included in SWAP at species level.",8513230,Animalia,Arthropoda,Insecta,Diptera,Milichiidae,Genus,NA,8513230,NA,NA
1473949,genus Melanoplus species group,Spur-throat grasshopper genus Melanoplus species group,NA,TRUE,TRUE,SGIN - E,2024-04-17T00:00:00Z,NA,"The spur-throat grasshopper genus Melanoplus species group includes the following 34 species: Melanoplus aix, M. alector, M. artemisiae, M. baldi, M. cinereus, M. daemon, M. digitifer, M. idaho, M. illash, M. indigens, M. ixalus, M. latah, M. lemhiensis, M. lemurus, M. lolo, M. marshalli, M. militaris, M. obex, M. ohadi, M. papoosense, M. papyraedus, M. payettei, M. phobetico, M. pyro, M. salmonis, M. shoshoni, M. sol, M. stipes, M. tendoyense, M. tincupense, M. trigeminus, M. washingtonius, M. xenus, and M. zeus. Note: this needs to be corrected because ""M. militaris"" should be Argiacris militaris, which is already included in SWAP at species level.",8513230,Animalia,Arthropoda,Insecta,Diptera,Milichiidae,Genus,NA,8513230,NA,NA
1473949,genus Melanoplus species group,Spur-throat grasshopper genus Melanoplus species group,NA,TRUE,TRUE,SGIN - E,2024-04-17T00:00:00Z,NA,"The spur-throat grasshopper genus Melanoplus species group includes the following 34 species: Melanoplus aix, M. alector, M. artemisiae, M. baldi, M. cinereus, M. daemon, M. digitifer, M. idaho, M. illash, M. indigens, M. ixalus, M. latah, M. lemhiensis, M. lemurus, M. lolo, M. marshalli, M. militaris, M. obex, M. ohadi, M. papoosense, M. papyraedus, M. payettei, M. phobetico, M. pyro, M. salmonis, M. shoshoni, M. sol, M. stipes, M. tendoyense, M. tincupense, M. trigeminus, M. washingtonius, M. xenus, and M. zeus. Note: this needs to be corrected because ""M. militaris"" should be Argiacris militaris, which is already included in SWAP at species level.",8513230,Animalia,Arthropoda,Insecta,Diptera,Milichiidae,Genus,NA,8513230,NA,NA
NA,genus Oreohelix species group,Mountainsnail genus Oreohelix species group,NA,TRUE,TRUE,SGIN - T,2024-04-18T00:00:00Z,NA,"SWAP 2015 listed 10 spp. individually; SWAP 2023 grouped them into mountainsnail genus Oreohelix species group, which includes the following 12 species: Seven Devils Mountainsnail, Lyrate Mountainsnail, Whitepine Mountainsnail, Costate Mountainsnail, Deep Slide Mountainsnail, Boulder Pile Mountainsnail, Deseret Mountainsnail, Rocky Mountainsnail, Subalpine Mountainsnail, Thin-ribbed Mountainsnail, Whorled Mountainsnail, and Lava Rock Mountainsnail.",8513230,Animalia,Arthropoda,Insecta,Diptera,Milichiidae,Genus,NA,8513230,NA,NA
NA,genus Oreohelix species group,Mountainsnail genus Oreohelix species group,NA,TRUE,TRUE,SGIN - T,2024-04-18T00:00:00Z,NA,"SWAP 2015 listed 10 spp. individually; SWAP 2023 grouped them into mountainsnail genus Oreohelix species group, which includes the following 12 species: Seven Devils Mountainsnail, Lyrate Mountainsnail, Whitepine Mountainsnail, Costate Mountainsnail, Deep Slide Mountainsnail, Boulder Pile Mountainsnail, Deseret Mountainsnail, Rocky Mountainsnail, Subalpine Mountainsnail, Thin-ribbed Mountainsnail, Whorled Mountainsnail, and Lava Rock Mountainsnail.",8513230,Animalia,Arthropoda,Insecta,Diptera,Milichiidae,Genus,NA,8513230,NA,NA
NA,genus Oreohelix species group,Mountainsnail genus Oreohelix species group,NA,TRUE,TRUE,SGIN - T,2024-04-18T00:00:00Z,NA,"SWAP 2015 listed 10 spp. individually; SWAP 2023 grouped them into mountainsnail genus Oreohelix species group, which includes the following 12 species: Seven Devils Mountainsnail, Lyrate Mountainsnail, Whitepine Mountainsnail, Costate Mountainsnail, Deep Slide Mountainsnail, Boulder Pile Mountainsnail, Deseret Mountainsnail, Rocky Mountainsnail, Subalpine Mountainsnail, Thin-ribbed Mountainsnail, Whorled Mountainsnail, and Lava Rock Mountainsnail.",8513230,Animalia,Arthropoda,Insecta,Diptera,Milichiidae,Genus,NA,8513230,NA,NA
33256,Pacifastacus connectens,Snake River Pilose Crayfish,NA,TRUE,TRUE,SGCN,2024-04-17T00:00:00Z,NA,NA,2226997,Animalia,Arthropoda,Malacostraca,Decapoda,Astacidae,Pacifastacus,Pacifastacus connectens,2226997,NA,NA
22576,Pacifastacus gambelii,Pilose Crayfish,NA,NA,TRUE,SGCN,2024-04-17T00:00:00Z,NA,NA,2226988,Animalia,Arthropoda,Malacostraca,Decapoda,Astacidae,Pacifastacus,Pacifastacus gambelii,2226988,NA,NA
23206,Paraleptophlebia jenseni,a mayfly,NA,TRUE,TRUE,SGIN - D,2024-04-17T00:00:00Z,NA,NA,1407258,Animalia,Arthropoda,Insecta,Ephemeroptera,Leptophlebiidae,Paraleptophlebia,Paraleptophlebia jenseni,1407258,NA,NA
23060,Paraleptophlebia traverae,a mayfly,NA,TRUE,TRUE,SGIN - D,2024-04-17T00:00:00Z,NA,NA,1407263,Animalia,Arthropoda,Insecta,Ephemeroptera,Leptophlebiidae,Paraleptophlebia,Paraleptophlebia traverae,1407263,NA,NA
22759,Parameletus columbiae,Columbia Primitive Minnow Mayfly,NA,TRUE,TRUE,SGIN - D,2024-04-19T00:00:00Z,NA,NA,1407168,Animalia,Arthropoda,Insecta,Ephemeroptera,Siphlonuridae,Parameletus,Parameletus columbiae,1407168,NA,NA
24249,Parnassius smintheus,Rocky Mountain Parnassian,NA,NA,TRUE,SGIN - E,2024-04-17T00:00:00Z,NA,NA,1938975,Animalia,Arthropoda,Insecta,Lepidoptera,Papilionidae,Parnassius,Parnassius smintheus,1938975,NA,NA
1474130,Perdita barri,a mining bee,NA,TRUE,TRUE,SGIN - D,2024-05-14T00:00:00Z,no definitive common name; used group name for family Andrendidae (mining bees) from OneZoom tree of life explorer; also andrenid bees,NA,1356269,Animalia,Arthropoda,Insecta,Hymenoptera,Andrenidae,Perdita,Perdita barri,1356269,NA,NA
1474132,Perdita wyomingensis sculleni,a mining bee,NA,TRUE,TRUE,SGIN - D,2024-05-15T00:00:00Z,no definitive common name; used group name for family Andrendidae (mining bees) from OneZoom tree of life explorer; also andrenid bees,NA,9128435,Animalia,Arthropoda,Insecta,Hymenoptera,Andrenidae,Perdita,Perdita wyomingensis,9128435,Perdita wyomingensis sculleni,NA
33155,Philocasca banksi,a caddisfly,NA,TRUE,TRUE,SGIN - D,2024-04-19T00:00:00Z,NA,NA,1442218,Animalia,Arthropoda,Insecta,Trichoptera,Limnephilidae,Philocasca,Philocasca banksi,1442218,NA,NA
20715,Physella natricina,Snake River Physa,NA,NA,TRUE,SGCN,2024-04-17T00:00:00Z,NA,NA,5784742,Animalia,Mollusca,Gastropoda,NA,Physidae,Physella,Physella natricina,5784742,NA,NA
1473936,Polyphylla devestiva,a lined June beetle,NA,TRUE,TRUE,SGIN - D,2024-05-15T00:00:00Z,no definitive common name; used group name for genus Polyphylla (lined June beetles) from OneZoom tree of life explorer; (Scarabaeidae),"Need to find copy of ""Arnett RH. 1963. The beetles of the United States, a manual for identification. Washington: Catholic University of America Press.""",9149817,Animalia,Arthropoda,Insecta,Coleoptera,Scarabaeidae,Polyphylla,Polyphylla devestiva,9149817,NA,NA
29888,Prophysaon coeruleum,Blue-gray Taildropper,NA,TRUE,TRUE,SGIN - D,2024-04-18T00:00:00Z,NA,NA,2294060,Animalia,Mollusca,Gastropoda,Stylommatophora,Ariolimacidae,Prophysaon,Prophysaon coeruleum,2294060,NA,NA
32628,Prophysaon dubium,Papillose Taildropper,NA,TRUE,TRUE,SGIN - D,2024-04-18T00:00:00Z,NA,NA,2294058,Animalia,Mollusca,Gastropoda,Stylommatophora,Ariolimacidae,Prophysaon,Prophysaon dubium,2294058,NA,NA
1474859,Protogygia arena,a moth,NA,NA,TRUE,SGIN - D,2024-04-19T00:00:00Z,NA,NA,9298143,Animalia,Arthropoda,Insecta,Lepidoptera,Noctuidae,Protogygia,Protogygia arena,9298143,NA,NA
28249,Psychoglypha smithi,a caddisfly,NA,TRUE,TRUE,SGIN - D,2024-04-19T00:00:00Z,NA,NA,1442376,Animalia,Arthropoda,Insecta,Trichoptera,Limnephilidae,Psychoglypha,Psychoglypha smithi,1442376,NA,NA
20757,Pyrgulopsis bruneauensis,Bruneau Hot Springsnail,NA,TRUE,TRUE,SGCN,2024-04-17T00:00:00Z,NA,NA,2299975,Animalia,Mollusca,Gastropoda,Littorinimorpha,Hydrobiidae,Pyrgulopsis,Pyrgulopsis bruneauensis,2299975,NA,NA
25015,Pyrgulopsis pilsbryana,Bear Lake Springsnail,NA,TRUE,TRUE,SGIN - E,2024-04-17T00:00:00Z,NA,NatureServe changed G-rank to G3G4 3/10/ 2023; need to update,2300006,Animalia,Mollusca,Gastropoda,Littorinimorpha,Hydrobiidae,Pyrgulopsis,Pyrgulopsis pilsbryana,2300006,NA,NA
23054,Rhyacophila oreia,a caddisfly,NA,TRUE,TRUE,SGIN - D,2024-04-19T00:00:00Z,NA,NA,5052698,Animalia,Arthropoda,Insecta,Trichoptera,Rhyacophilidae,Rhyacophila,Rhyacophila oreia,5052698,NA,NA
23155,Rhyacophila robusta,a caddisfly,NA,TRUE,TRUE,SGIN - D,2024-04-19T00:00:00Z,NA,Note: Rasmussen and Morse (2023) do not list any Idaho records for this species; need to confirm that species occurs in the state; Idaho records are from DEQ BURP program,5052835,Animalia,Arthropoda,Insecta,Trichoptera,Rhyacophilidae,Rhyacophila,Rhyacophila robusta,5052835,NA,NA
1475420,Schinia edwardsii,a flower moth,NA,NA,TRUE,SGIN - D,2024-04-17T00:00:00Z,NA,NA,9335306,Animalia,Arthropoda,Insecta,Lepidoptera,Noctuidae,Schinia,Schinia edwardsii,9335306,NA,NA
1474102,Securicauda hermani,Rocky Mountain Axetail,NA,TRUE,TRUE,SGIN - D,2024-05-14T00:00:00Z,NA,NA,6067572,Animalia,Mollusca,Gastropoda,Stylommatophora,Arionidae,Securicauda,Securicauda hermani,6067572,NA,NA
78185,Soliperla salish,Clearwater Roachfly,NA,TRUE,TRUE,SGIN - D,2024-04-17T00:00:00Z,NA,NA,2001373,Animalia,Arthropoda,Insecta,Plecoptera,Peltoperlidae,Soliperla,Soliperla salish,2001373,NA,NA
20470,Soyedina potteri,Rocky Mountain Forestfly,NA,TRUE,TRUE,SGIN - D,2024-04-17T00:00:00Z,"used ""Idaho Forestfly"" in SWAP 2023",NA,2003119,Animalia,Arthropoda,Insecta,Plecoptera,Nemouridae,Soyedina,Soyedina potteri,2003119,NA,NA
23320,Speleomaster lexi,a cave obligate harvestman,NA,TRUE,TRUE,SGIN - D,2024-04-19T00:00:00Z,NA,NA,6909027,Animalia,Arthropoda,Arachnida,Opiliones,Cryptomastridae,Speleomaster,Speleomaster lexi,6909027,NA,NA
21993,Speleomaster pecki,a cave obligate harvestman,NA,TRUE,TRUE,SGIN - D,2024-04-19T00:00:00Z,NA,NA,6909028,Animalia,Arthropoda,Arachnida,Opiliones,Cryptomastridae,Speleomaster,Speleomaster pecki,6909028,NA,NA
68090,Stygobromus idahoensis,Idaho Amphipod,NA,TRUE,TRUE,SGIN - D,2024-04-19T00:00:00Z,NA,NA,2217865,Animalia,Arthropoda,Malacostraca,Amphipoda,Crangonyctidae,Stygobromus,Stygobromus idahoensis,2217865,NA,NA
1474040,Sweltsa durfeei,Lolo Sallfly,NA,TRUE,TRUE,SGIN - D,2024-04-17T00:00:00Z,NA,NA,2003718,Animalia,Arthropoda,Insecta,Plecoptera,Chloroperlidae,Sweltsa,Sweltsa durfeei,2003718,NA,NA
25285,Taenionema umatilla,Umatilla Willowfly,NA,TRUE,TRUE,SGIN - D,2024-04-17T00:00:00Z,NA,NA,5151811,Animalia,Arthropoda,Insecta,Plecoptera,Taeniopterygidae,Taenionema,Taenionema umatilla,5151811,NA,NA
77284,Taylorconcha insperata,Unexpected Pebblesnail,NA,NA,TRUE,SGIN - D,2024-04-17T00:00:00Z,NA,NA,8830530,Animalia,Mollusca,Gastropoda,Littorinimorpha,Amnicolidae,Taylorconcha,Taylorconcha insperata,8830530,NA,NA
30063,Taylorconcha serpenticola,Bliss Rapids Snail,NA,TRUE,TRUE,SGCN,2024-04-17T00:00:00Z,NA,NA,8976237,Animalia,Mollusca,Gastropoda,Littorinimorpha,Amnicolidae,Taylorconcha,Taylorconcha serpenticola,8976237,NA,NA
24946,Utacapnia nedia,Boise Snowfly,NA,TRUE,TRUE,SGIN - D,2024-04-17T00:00:00Z,NA,NA,2002275,Animalia,Arthropoda,Insecta,Plecoptera,Capniidae,Utacapnia,Utacapnia nedia,2002275,NA,NA
30930,Valvata utahensis,Desert Valvata,NA,NA,TRUE,SGCN,2024-04-17T00:00:00Z,NA,NA,2298071,Animalia,Mollusca,Gastropoda,NA,Valvatidae,Valvata,Valvata utahensis,2298071,NA,NA
51260,Astragalus bodinii E. Sheld.,Bodin’s Milk-vetch,NA,NA,TRUE,SGIN - D,2024-05-17T00:00:00Z,NA,NA,5346296,Plantae,Tracheophyta,Magnoliopsida,Fabales,Fabaceae,Astragalus,Astragalus bodinii,5346296,NA,NA
91221,Astragalus packardiae (Barneby) J. F. Sm. & Zimmers,Packard’s Milk-vetch,NA,NA,TRUE,SGCN,2024-05-16T00:00:00Z,NA,NA,9474757,Plantae,Tracheophyta,Magnoliopsida,Fabales,Fabaceae,Astragalus,Astragalus packardiae,9474757,NA,NA
39496,Astragalus microcystis A. Gray,Least Bladdery Milk-vetch,NA,NA,TRUE,SGIN - D,2024-05-22T00:00:00Z,NA,NA,5343493,Plantae,Tracheophyta,Magnoliopsida,Fabales,Fabaceae,Astragalus,Astragalus microcystis,5343493,NA,NA
56297,Astragalus riparius Barneby,Piper’s Milk-vetch,NA,NA,TRUE,SGCN,2024-05-16T00:00:00Z,NA,NA,5346925,Plantae,Tracheophyta,Magnoliopsida,Fabales,Fabaceae,Astragalus,Astragalus riparius,5346925,NA,NA
1372568,Boechera rollinsiorum Windham & Al-Shehbaz,a rockcress,NA,NA,TRUE,SGCN,2024-05-16T00:00:00Z,NA,NA,3043274,Plantae,Tracheophyta,Magnoliopsida,Brassicales,Brassicaceae,Boechera,Boechera rollinsiorum,3043274,NA,NA
57635,Botrychium lineare W. H. Wagner,Slender Moonwort,NA,NA,TRUE,SGIN - D,2024-05-17T00:00:00Z,NA,NA,2650164,Plantae,Tracheophyta,Polypodiopsida,Ophioglossales,Ophioglossaceae,Botrychium,Botrychium lineare,2650164,NA,NA
36269,Bryum calobryoides J. R. Spence,Beautiful Bryum,NA,NA,TRUE,SGIN - D,2024-05-17T00:00:00Z,NA,NA,2676779,Plantae,Bryophyta,Bryopsida,Bryales,Bryaceae,Bryum,Bryum calobryoides,2676779,NA,NA
46793,Carex aboriginum M. E. Jones,Indian Valley Sedge,NA,NA,TRUE,SGCN,2024-05-16T00:00:00Z,NA,NA,2724347,Plantae,Tracheophyta,Liliopsida,Poales,Cyperaceae,Carex,Carex aboriginum,2724347,NA,NA
43600,Castilleja christii N. H. Holmgren,Christ’s Paintbrush,NA,NA,TRUE,SGCN,2024-05-16T00:00:00Z,"internal note—dropped ""John"" from ""John Christ’s paintbrush""",NA,3170676,Plantae,Tracheophyta,Magnoliopsida,Lamiales,Orobanchaceae,Castilleja,Castilleja christii,3170676,NA,NA
59096,Cleomella hillmanii var. goodrichii (S. L. Welsh) P. K. Holmgren,Hillman’s Stinkweed,NA,NA,TRUE,SGIN - D,2024-05-17T00:00:00Z,NA,NA,3872224,Plantae,Tracheophyta,Magnoliopsida,Brassicales,Cleomaceae,Cleomella,Cleomella hillmanii,3872224,NA,Cleomella hillmanii goodrichii
38491,Dendroalsia abietina (Hook.) E. Britton,a dendroalsia moss,NA,NA,TRUE,SGIN - D,2024-05-17T00:00:00Z,no definitive common name,NA,11316783,Plantae,Bryophyta,Bryopsida,Hypnales,Cryphaeaceae,Dendroalsia,Dendroalsia abietina,11316783,NA,NA
93777,Androsace conservatorum (Björk) Giblin,Bloom Peak Douglasia,previously Douglasia conservatorum Björk,NA,TRUE,SGCN,2024-05-16T00:00:00Z,NA,NA,11906879,Plantae,Tracheophyta,Magnoliopsida,Ericales,Primulaceae,Androsace,Androsace conservatorum,11906879,NA,NA
93368,Ericameria winwardii (Dorn & Delmatier) R. P. Roberts & Urbatsch,Winward’s Goldenbrush,NA,NA,TRUE,SGCN,2024-05-17T00:00:00Z,NA,NA,3102974,Plantae,Tracheophyta,Magnoliopsida,Asterales,Asteraceae,Ericameria,Ericameria winwardii,3102974,NA,NA
1854561,Erigeron katiae S. L. Welsh & N. D. Atwood,Katie’s Daisy,NA,NA,TRUE,SGIN - D,2024-05-17T00:00:00Z,NA,NA,4215767,Plantae,Tracheophyta,Magnoliopsida,Asterales,Asteraceae,Erigeron,Erigeron katiae,4215767,NA,NA
54772,Heterotheca hirsuta (Greene) G. L. Nesom,Spokane False Goldenaster,NA,NA,TRUE,SGIN - T,2024-05-17T00:00:00Z,note: NatureServe uses Heterotheca barbata for scientific name,NA,11133012,Plantae,Tracheophyta,Magnoliopsida,Asterales,Asteraceae,Heterotheca,Heterotheca hirsuta,11133012,NA,NA
44839,Howellia aquatilis A. Gray,Water Howellia,NA,NA,TRUE,SGCN,2024-05-17T00:00:00Z,NA,NA,3161535,Plantae,Tracheophyta,Magnoliopsida,Asterales,Campanulaceae,Howellia,Howellia aquatilis,3161535,NA,NA
93338,Isoetes minima A. A. Eaton,Midget Quillwort,NA,NA,TRUE,SGIN - D,2024-05-17T00:00:00Z,NA,NA,7420162,Plantae,Tracheophyta,Lycopodiopsida,Isoetales,Isoetaceae,Isoetes,Isoetes minima,7420162,NA,NA
60878,Lepidium papilliferum (L. F. Hend.) A. Nelson & J. F. Macbr.,Slickspot Peppergrass,NA,NA,TRUE,SGCN,2024-05-17T00:00:00Z,NA,NA,5377038,Plantae,Tracheophyta,Magnoliopsida,Brassicales,Brassicaceae,Lepidium,Lepidium papilliferum,5377038,NA,NA
605773,Lomatium brunsfeldianum Kemper & R. P. McNeill,Brunsfeld’s Biscuit-root,NA,NA,TRUE,SGIN - D,2024-05-17T00:00:00Z,NA,NA,8063175,Plantae,Tracheophyta,Magnoliopsida,Apiales,Apiaceae,Lomatium,Lomatium brunsfeldianum,8063175,NA,NA
1354827,Lomatium swingerae R. P. McNeill,Swinger’s Biscuit-root,NA,NA,TRUE,SGIN - D,2024-05-17T00:00:00Z,NA,NA,10581787,Plantae,Tracheophyta,Magnoliopsida,Apiales,Apiaceae,Lomatium,Lomatium swingerae,10581787,NA,NA
84625,Lupinus lyallii subsp. alcis-temporis (C. P. Sm.) B. J. Cox,Christ’s Elk-Season Lupine,NA,NA,TRUE,SGIN - T,2024-05-17T00:00:00Z,NA,NA,2964023,Plantae,Tracheophyta,Magnoliopsida,Fabales,Fabaceae,Lupinus,Lupinus lyallii,2964023,Lupinus lyallii alcis-temporis,NA
54233,Erythranthe ampliata (A. L. Grant) G. L. Nesom,Nez Perce Monkey-flower,NA,NA,TRUE,SGIN - T,2024-05-17T00:00:00Z,NA,NA,7954990,Plantae,Tracheophyta,Magnoliopsida,Lamiales,Phrymaceae,Erythranthe,Erythranthe ampliata,7954990,NA,NA
54746,Erythranthe inflatula (Suksd.) G. L. Nesom,Disappearing Monkey-flower,NA,NA,TRUE,SGIN - D,2024-05-17T00:00:00Z,NA,NA,8272254,Plantae,Tracheophyta,Magnoliopsida,Lamiales,Phrymaceae,Erythranthe,Erythranthe inflatula,8272254,NA,NA
53265,Mirabilis macfarlanei Constance & Rollins,Macfarlane’s Four-o’clock,NA,NA,TRUE,SGCN,2024-05-17T00:00:00Z,NA,NA,3086159,Plantae,Tracheophyta,Magnoliopsida,Caryophyllales,Nyctaginaceae,Mirabilis,Mirabilis macfarlanei,3086159,NA,NA
1345281,"Monardella angustifolia Elvin, Ertter & Mansfield",Leslie Gulch Monardella,NA,NA,TRUE,SGCN,2024-05-17T00:00:00Z,NA,NA,9526275,Plantae,Tracheophyta,Magnoliopsida,Lamiales,Lamiaceae,Monardella,Monardella angustifolia,9526275,NA,NA
36259,Orthotrichum pulchellum Brunt.,Elegant Bristle Moss,orthotrichum moss,NA,TRUE,SGIN - D,2024-05-17T00:00:00Z,"used ""orthotrichum moss"" in SWAP 2023",NA,2672648,Plantae,Bryophyta,Bryopsida,Orthotrichales,Orthotrichaceae,Orthotrichum,Orthotrichum pulchellum,2672648,NA,NA
41410,Phlox idahonis Wherry,Clearwater Phlox,NA,NA,TRUE,SGCN,2024-05-17T00:00:00Z,NA,NA,2927746,Plantae,Tracheophyta,Magnoliopsida,Ericales,Polemoniaceae,Phlox,Phlox idahonis,2927746,NA,NA
89274,Phlox kelseyi subsp. glandulosa Wherry,Kelsey’s Phlox (subsp. glandulosa),NA,NA,TRUE,SGIN - T,2024-05-17T00:00:00Z,no definitive common name for subsp. glandulosa; used common  name at species level from Hitchcock & Cronquist 2018,NA,4057634,Plantae,Tracheophyta,Magnoliopsida,Ericales,Polemoniaceae,Phlox,Phlox kelseyi,4057634,Phlox kelseyi glandulosa,NA
39642,Pinus albicaulis Engelm.,Whitebark Pine,NA,NA,TRUE,SGCN,2024-05-17T00:00:00Z,NA,NA,5285183,Plantae,Tracheophyta,Pinopsida,Pinales,Pinaceae,Pinus,Pinus albicaulis,5285183,NA,NA
400009,Polemonium elusum J. J. Irwin & R. L. Hartm.,Elusive Polemonium,NA,NA,TRUE,SGCN,2024-05-17T00:00:00Z,NA,NA,8259046,Plantae,Tracheophyta,Magnoliopsida,Ericales,Polemoniaceae,Polemonium,Polemonium elusum,8259046,NA,NA
36858,Ptilidium ciliare (L.) Hampe,Northern Naugehyde Liverwort,NA,NA,TRUE,SGIN - D,2024-05-17T00:00:00Z,NA,NA,2688706,Plantae,Marchantiophyta,Jungermanniopsida,Ptilidiales,Ptilidiaceae,Ptilidium,Ptilidium ciliare,2688706,NA,NA
41712,Linum digynum A. Gray,Northwestern Yellow Hard Flax,NA,NA,TRUE,SGIN - D,2024-05-17T00:00:00Z,NA,NA,2873852,Plantae,Tracheophyta,Magnoliopsida,Malpighiales,Linaceae,Sclerolinon,Sclerolinon digynum,2873851,NA,NA
400018,Sedum valens Björk,Idaho Stonecrop,NA,NA,TRUE,SGIN - D,2024-05-17T00:00:00Z,NA,NA,7651107,Plantae,Tracheophyta,Magnoliopsida,Saxifragales,Crassulaceae,Sedum,Sedum valens,7651107,NA,NA
42699,Silene spaldingii S. Watson,Spalding’s Catchfly,Spalding’s Silene,NA,TRUE,SGCN,2024-05-17T00:00:00Z,NA,NA,5384775,Plantae,Tracheophyta,Magnoliopsida,Caryophyllales,Caryophyllaceae,Silene,Silene spaldingii,5384775,NA,NA
54731,Solidago spectabilis (D. C. Eaton) A. Gray,Nevada Goldenrod,NA,NA,TRUE,SGIN - D,2024-05-17T00:00:00Z,NA,NA,5389036,Plantae,Tracheophyta,Magnoliopsida,Asterales,Asteraceae,Solidago,Solidago spectabilis,5389036,NA,NA
33639,Sphaerocarpos hians Haynes,a liverwort,NA,NA,TRUE,SGCN,2024-05-17T00:00:00Z,no definitive common name; used group name (liverwort) from Tropicos.org,NA,5286302,Plantae,Marchantiophyta,Marchantiopsida,Sphaerocarpales,Sphaerocarpaceae,Sphaerocarpos,Sphaerocarpos hians,5286302,NA,NA
40218,Spiranthes diluvialis Sheviak,Ute Ladies-tresses,NA,NA,TRUE,SGCN,2024-05-17T00:00:00Z,NA,NA,2805372,Plantae,Tracheophyta,Liliopsida,Asparagales,Orchidaceae,Spiranthes,Spiranthes diluvialis,2805372,NA,NA
83780,Stanleya tomentosa var. runcinata (Rydb.) Rollins,Woolly Stanleya (var. runcinata),NA,NA,TRUE,SGIN - T,2024-05-17T00:00:00Z,note: POWO recognizes this as a synonym of Stanleya tomentosa Parry and does not recognize Stanleya tomentosa var. runcinata (Rydb.) Rollins as an accepted variety,NA,5373723,Plantae,Tracheophyta,Magnoliopsida,Brassicales,Brassicaceae,Stanleya,Stanleya tomentosa,5373723,NA,Stanleya tomentosa runcinata
54113,Hartmaniella oxyphylla (B. L. Rob.) M. L. Zhang,Robinson’s Starwort,NA,NA,TRUE,SGCN,2024-05-17T00:00:00Z,NA,NA,9557227,Plantae,Tracheophyta,Magnoliopsida,Caryophyllales,Caryophyllaceae,Hartmaniella,Hartmaniella oxyphylla,9557227,NA,NA
60068,Trichostema oblongum Benth.,Mountain Blue-curls,NA,NA,TRUE,SGIN - D,2024-05-17T00:00:00Z,NA,NA,2926655,Plantae,Tracheophyta,Magnoliopsida,Lamiales,Lamiaceae,Trichostema,Trichostema oblongum,2926655,NA,NA
34103,Xanthoparmelia idahoensis Hale,Idaho Xanthoparmelia Lichen,NA,NA,TRUE,SGCN,2024-05-17T00:00:00Z,NA,NA,2604237,Fungi,Ascomycota,Lecanoromycetes,Lecanorales,Parmeliaceae,Xanthoparmelia,Xanthoparmelia idahoensis,2604237,NA,NA
38270,Xanthoparmelia norchlorochroa Hale,a xanthoparmelia lichen,NA,NA,TRUE,SGCN,2024-05-17T00:00:00Z,no definitive common name; used genus name (Xanthoparmelia) from OneZoom tree of life explorer,NA,2604198,Fungi,Ascomycota,Lecanoromycetes,Lecanorales,Parmeliaceae,Xanthoparmelia,Xanthoparmelia norchlorochroa,2604198,NA,NA
93763,Astragalus asotinensis Björk & Fishbein,Asotin Milk-vetch,NA,NA,TRUE,SGCN,2024-05-17T00:00:00Z,NA,NA,5613064,Plantae,Tracheophyta,Magnoliopsida,Fabales,Fabaceae,Astragalus,Astragalus asotinensis,5613064,NA,NA
1373084,Abronia mellifera var. pahoveorum Ertter & Nosratinia,Pahove Sandverbena,NA,NA,TRUE,SGCN,2024-05-17T00:00:00Z,NA,NA,9403323,Plantae,Tracheophyta,Magnoliopsida,Caryophyllales,Nyctaginaceae,Abronia,Abronia mellifera,9403323,NA,Abronia mellifera pahoveorum
NA,Urocitellus idahoensis,Snake River Plains Ground Squirrel,NA,NA,NA,NA,2025-05-06T00:00:00Z,"split from U. mollis; McLean BS et al. 2025. Integrative species delimitation reveals an idaho-endemic ground squirrel, Urocitellus idahoensis (Merriam 1913). J Mammal. 106(2):405–429. https://doi.org/10.1093/jmammal/gyae135",Need to discuss this species for adding to SWAP,4827933,Animalia,Chordata,Mammalia,Rodentia,Sciuridae,Urocitellus,NA,4827933,NA,NA
