taxon_id,gbif_taxonID,scientific_name,common_name,s_rank_1,n_rank_2,federal_status,kingdom,phylum,class,order,family,genus,species,subspecies,variety
2422911,2422911,Anaxyrus Microscaphus,Arizona Toad,S3,N3/N4,NA,Animalia,Chordata,Amphibia,Anura,Bufonidae,Anaxyrus,Anaxyrus microscaphus,NA,NA
2426785,2426785,Rana luteiventris,Columbia Spotted Frog,S3,N2/N3,NA,Animalia,Chordata,Amphibia,Anura,Ranidae,Rana,Rana luteiventris,NA,NA
2427185,2427185,Lithobates pipiens,Northern Leopard Frog,S3,N5,NA,Animalia,Chordata,Amphibia,Anura,Ranidae,Lithobates,Lithobates pipiens,NA,NA
2427106,2427106,Lithobates onca,Relic Leopard Frog,SX,N1/N2,NA,Animalia,Chordata,Amphibia,Anura,Ranidae,Lithobates,Lithobates onca,NA,NA
2422924,2422924,Anaxyrus boreas,Western Toad,S3,N4,NA,Animalia,Chordata,Amphibia,Anura,Bufonidae,Anaxyrus,Anaxyrus boreas,NA,NA
2480911,2480911,Botaurus lentiginosus,American Bittern,"S3/S4B,S3N",N4B/N4N,NA,Animalia,Chordata,Aves,Pelecaniformes,Ardeidae,Botaurus,Botaurus lentiginosus,NA,NA
5229155,5229155,Pelecanus erythrorhynchos,American White Pelican,S3B,N4,NA,Animalia,Chordata,Aves,Pelecaniformes,Pelecanidae,Pelecanus,Pelecanus erythrorhynchos,NA,NA
2480446,2480446,Haliaeetus leucocephalus,Bald Eagle,S2B/S4N,N5B/N5N,NA,Animalia,Chordata,Aves,Accipitriformes,Accipitridae,Haliaeetus,Haliaeetus leucocephalus,NA,NA
2495266,2495266,Patagioenas fasciata,Band-tailed Pigeon,S3B,N4B/N4N,NA,Animalia,Chordata,Aves,Columbiformes,Columbidae,Patagioenas,Patagioenas fasciata,NA,NA
5231697,5231697,Toxostoma bendirei,Bendire's Thrasher,SU,N4B/NNRN,NA,Animalia,Chordata,Aves,Passeriformes,Mimidae,Toxostoma,Toxostoma bendirei,NA,NA
2494372,2494372,Leucosticte atrata,Black Rosy-finch,S1,N4,NA,Animalia,Chordata,Aves,Passeriformes,Fringillidae,Leucosticte,Leucosticte atrata,NA,NA
2477282,2477282,Cypseloides niger,Black Swift,S2B,N4B,NA,Animalia,Chordata,Aves,Apodiformes,Apodidae,Cypseloides,Cypseloides niger,NA,NA
5739298,5739298,Aegolius funereus,Boreal Owl,S2,N4,NA,Animalia,Chordata,Aves,Strigiformes,Strigidae,Aegolius,Aegolius funereus,NA,NA
2497240,2497240,Athene cunicularia,Burrowing Owl,S3B,N4B/N4N,NA,Animalia,Chordata,Aves,Strigiformes,Strigidae,Athene,Athene cunicularia,NA,NA
2481920,2481920,Gymnogyps californianus,California Condor,S1,N1,Endangered,Animalia,Chordata,Aves,Accipitriformes,Cathartidae,Gymnogyps,Gymnogyps californianus,NA,NA
2481236,2481236,Hydroprogne caspia,Caspian Tern,S3B,"N4/N5B,N4N",NA,Animalia,Chordata,Aves,Charadriiformes,Laridae,Hydroprogne,Hydroprogne caspia,NA,NA
2473514,2473514,Tympanuchus phasianellus,Columbian Sharp-tailed Grouse,S2,N4,NA,Animalia,Chordata,Aves,Galliformes,Phasianidae,Tympanuchus,Tympanuchus phasianellus,NA,NA
2480566,2480566,Buteo regalis,Ferruginous Hawk,S3B,N4B/N4N,NA,Animalia,Chordata,Aves,Accipitriformes,Accipitridae,Buteo,Buteo regalis,NA,NA
7807178,7807178,Psiloscops flammeolus,Flammulated Owl,S3/S4B,N4B,NA,Animalia,Chordata,Aves,Strigiformes,Strigidae,Psiloscops,Psiloscops flammeolus,NA,NA
2480506,2480506,Aquila chrysaetos,Golden Eagle,S4,N5B/N5N,NA,Animalia,Chordata,Aves,Accipitriformes,Accipitridae,Aquila,Aquila chrysaetos,NA,NA
5959240,5959240,Centrocercus urophasianus,Greater Sage-grouse,S3,N3/N4,NA,Animalia,Chordata,Aves,Galliformes,Phasianidae,Centrocercus,Centrocercus urophasianus,NA,NA
5959243,5959243,Centrocercus minimus,Gunnison Sage-grouse,S2,N1,Threatened,Animalia,Chordata,Aves,Galliformes,Phasianidae,Centrocercus,Centrocercus minimus,NA,NA
2478142,2478142,Melanerpes lewis,Lewis's Woodpecker,S3,N4B/N4N,NA,Animalia,Chordata,Aves,Piciformes,Picidae,Melanerpes,Melanerpes lewis,NA,NA
6176045,6176045,Strix occidentalis lucida,Mexican Spotted Owl,S2,N3,Threatened,Animalia,Chordata,Aves,Strigiformes,Strigidae,Strix,Strix occidentalis,Strix occidentalis lucida,NA
9616953,9616953,Glaucidium gnoma,Northern Pygmy-owl,S3/S4B,N4/N5,NA,Animalia,Chordata,Aves,Strigiformes,Strigidae,Glaucidium,Glaucidium gnoma,NA,NA
5229743,5229743,Contopus cooperi,Olive-sided Flycatcher,S3/S4B,N4B,NA,Animalia,Chordata,Aves,Passeriformes,Tyrannidae,Contopus,Contopus cooperi,NA,NA
2481047,2481047,Falco peregrinus,Peregrine Falcon,S3B,N4B/N4N,NA,Animalia,Chordata,Aves,Falconiformes,Falconidae,Falco,Falco peregrinus,NA,NA
5229498,5229498,Gymnorhinus cyanocephalus,Pinyon Jay,S4,N3,NA,Animalia,Chordata,Aves,Passeriformes,Corvidae,Gymnorhinus,Gymnorhinus cyanocephalus,NA,NA
6065879,6065879,Charadrius nivosus,Snowy Plover,S3B,N3B/N3N,NA,Animalia,Chordata,Aves,Charadriiformes,Charadriidae,Charadrius,Charadrius nivosus,NA,NA
6174856,6174856,Empidonax traillii extimus,Southwestern Willow Flycatcher,S1B,N1B,Endangered,Animalia,Chordata,Aves,Passeriformes,Tyrannidae,Empidonax,Empidonax traillii,Empidonax traillii extimus,NA
9375033,9375033,Plegadis chihi,White-faced Ibis,S2/S3B,N4B/N4N,NA,Animalia,Chordata,Aves,Pelecaniformes,Threskiornithidae,Plegadis,Plegadis chihi,NA,NA
6170319,6170319,Coccyzus americanus occidentalis,Western Yellow-billed Cuckoo,S2B,N3B,Threatened,Animalia,Chordata,Aves,Cuculiformes,Cuculidae,Coccyzus,Coccyzus americanus,Coccyzus americanus occidentalis,NA
2226988,2226988,Pacifastacus gambelii,Pilose Crayfish,S2,N4/N5,NA,Animalia,Arthropoda,Malacostraca,Decapoda,Astacidae,Pacifastacus,Pacifastacus gambelii,NA,NA
2217827,2217827,Stygobromus utahensis,Utah Amphipod,SNR,N1/N2,NA,Animalia,Arthropoda,Malacostraca,Amphipoda,Crangonyctidae,Stygobromus,Stygobromus utahensis,NA,NA
2334120,2334120,Cottus extensus,Bear Lake Sculpin,S1,N3,NA,Animalia,Chordata,NA,Scorpaeniformes,Cottidae,Cottus,Cottus extensus,NA,NA
2351528,2351528,Prosopium abyssicola,Bear Lake Whitefish,S1,N1,NA,Animalia,Chordata,NA,Salmoniformes,Salmonidae,Prosopium,Prosopium abyssicola,NA,NA
4286866,4286866,Catostomus discobolus,Bluehead Sucker,S3,N4,NA,Animalia,Chordata,NA,Cypriniformes,Catostomidae,Catostomus,Catostomus discobolus,NA,NA
2351525,2351525,Prosopium gemmifer,Bonneville Cisco,S1,N3,NA,Animalia,Chordata,NA,Salmoniformes,Salmonidae,Prosopium,Prosopium gemmifer,NA,NA
5711989,5711989,Oncorhynchus clarkii utah,Bonneville Cutthroat Trout,S4,N4,NA,Animalia,Chordata,NA,Salmoniformes,Salmonidae,Oncorhynchus,Oncorhynchus clarkii,Oncorhynchus clarkii utah,NA
2351522,2351522,Prosopium spilonotus,Bonneville Whitefish,S1,N3,NA,Animalia,Chordata,NA,Salmoniformes,Salmonidae,Prosopium,Prosopium spilonotus,NA,NA
2360109,2360109,Gila elegans,Bonytail,S1,N1,Endangered,Animalia,Chordata,NA,Cypriniformes,Cyprinidae,Gila,Gila elegans,NA,NA
5205692,5205692,Ptychocheilus lucius,Colorado Pikeminnow,S3,N1,Endangered,Animalia,Chordata,NA,Cypriniformes,Cyprinidae,Ptychocheilus,Ptychocheilus lucius,NA,NA
5853893,5853893,Oncorhynchus clarkii pleuriticus,Colorado River Cutthroat Trout,S3,N2/N3,NA,Animalia,Chordata,NA,Salmoniformes,Salmonidae,Oncorhynchus,Oncorhynchus clarkii,Oncorhynchus clarki pleuriticus,NA
2359050,2359050,Catostomus clarkii,Desert Sucker,S3,N3/N4,NA,Animalia,Chordata,NA,Cypriniformes,Catostomidae,Catostomus,Catostomus clarkii,NA,NA
2359036,2359036,Catostomus latipinnis,Flannelmouth Sucker,S3,N3/N4,NA,Animalia,Chordata,NA,Cypriniformes,Catostomidae,Catostomus,Catostomus latipinnis,NA,NA
2360081,2360081,Gila cypha,Humpback Chub,S2,N1,Threatened,Animalia,Chordata,NA,Cypriniformes,Cyprinidae,Gila,Gila cypha,NA,NA
4286865,4286865,Chasmistes liorus,June Sucker,S2,N1,Threatened,Animalia,Chordata,NA,Cypriniformes,Catostomidae,Chasmistes,Chasmistes liorus,NA,NA
2362727,2362727,Iotichthys phlegethontis,Least Chub,S2,N1,NA,Animalia,Chordata,NA,Cypriniformes,Cyprinidae,Iotichthys,Iotichthys phlegethontis,NA,NA
2361899,2361899,Lepidomeda copei,Northern Leatherside Chub,S2,N3,NA,Animalia,Chordata,NA,Cypriniformes,Cyprinidae,Lepidomeda,Lepidomeda copei,NA,NA
2359095,2359095,Xyrauchen texanus,Razorback Sucker,S2,N1,Endangered,Animalia,Chordata,NA,Cypriniformes,Catostomidae,Xyrauchen,Xyrauchen texanus,NA,NA
2360128,2360128,Gila robusta,Roundtail Chub,S2,N3,NA,Animalia,Chordata,NA,Cypriniformes,Cyprinidae,Gila,Gila robusta,NA,NA
2361903,2361903,Lepidomeda aliciae,Southern Leatherside Chub,S2,N2,NA,Animalia,Chordata,NA,Cypriniformes,Cyprinidae,Lepidomeda,Lepidomeda aliciae,NA,NA
2360105,2360105,Gila seminuda,Virgin Chub,S1,N1,Endangered,Animalia,Chordata,NA,Cypriniformes,Cyprinidae,Gila,Gila seminuda,NA,NA
2361895,2361895,Lepidomeda mollispinis,Virgin Spinedace,S2,N2,NA,Animalia,Chordata,NA,Cypriniformes,Cyprinidae,Lepidomeda,Lepidomeda mollispinis,NA,NA
2366711,2366711,Plagopterus argentissimus,Woundfin,S1,N1,Endangered,Animalia,Chordata,NA,Cypriniformes,Cyprinidae,Plagopterus,Plagopterus argentissimus,NA,NA
5722956,5722956,Oncorhynchus clarkii bouvieri,Yellowstone Cutthroat Trout,S3,N2,NA,Animalia,Chordata,NA,Salmoniformes,Salmonidae,Oncorhynchus,Oncorhynchus clarkii,Oncorhynchus clarki bouvieri,NA
1034905,1034905,Cicindella albissima,Coral Pink Sand Dunes Tiger Beetle,S1,N1,NA,Animalia,Arthropoda,Insecta,Coleoptera,Carabidae,Cicindela,Cicindela albissima,NA,NA
7205993,7205993,Speyeria nokomis nokomis,Great Basin Silverspot Butterfly,S2,N3,NA,Animalia,Arthropoda,Insecta,Lepidoptera,Nymphalidae,Speyeria,Speyeria nokomis,Speyeria nokomis nokomis,NA
1356353,1356353,Perdita meconis,Mojave Poppy Bee,SX,N2,NA,Animalia,Arthropoda,Insecta,Hymenoptera,Andrenidae,Perdita,Perdita meconis,NA,NA
7207515,7207515,Danaus plexippus plexippus,Monarch Butterfly,SNR,NNR/G4,NA,Animalia,Arthropoda,Insecta,Lepidoptera,Nymphalidae,Danaus,Danaus plexippus,Danaus plexippus plexippus,NA
10883874,10883874,Bombus occidentalis occidentalis,Western Bumble Bee,SNR,NNR/G4,NA,Animalia,Arthropoda,Insecta,Hymenoptera,Apidae,Bombus,Bombus occidentalis,Bombus occidentalis occidentalis,NA
4264457,4264457,Thomomys bottae robustus,Botta's Pocket Gopher,S2,N2,NA,Animalia,Chordata,Mammalia,Rodentia,Geomyidae,Thomomys,Thomomys bottae,Thomomys bottae robustus,NA
8722120,8722120,Microtus montanus rivularis,Montane Vole,SH,N2,NA,Animalia,Chordata,Mammalia,Rodentia,Cricetidae,Microtus,Microtus montanus,Microtus montanus rivularis,NA
2432525,2432525,Idionycteris phyllotis,Allen's Big-eared Bat,S3,N3/N4,NA,Animalia,Chordata,Mammalia,Chiroptera,Vespertilionidae,Idionycteris,Idionycteris phyllotis,NA,NA
2436982,2436982,Ochotona princeps,American Pika,S4,N5,NA,Animalia,Chordata,Mammalia,Lagomorpha,Ochotonidae,Ochotona,Ochotona princeps,NA,NA
5218985,5218985,Mustela nigripes,Black-footed Ferret,S1,N1,Endangered,Animalia,Chordata,Mammalia,Carnivora,Mustelidae,Mustela,Mustela nigripes,NA,NA
2435263,2435263,Lynx canadensis,Canadian Lynx,S2,N4?,Threatened,Animalia,Chordata,Mammalia,Carnivora,Felidae,Lynx,Lynx canadensis,NA,NA
4263219,4263219,Dipodomys microps celsus,Chisel-toothed Kangaroo Rat,S1?,N4,NA,Animalia,Chordata,Mammalia,Rodentia,Heteromyidae,Dipodomys,Dipodomys microps,Dipodomys microps celsus,NA
2439502,2439502,Microdipodops megacephalus,Dark Kangaroo Mouse,S3,N4,NA,Animalia,Chordata,Mammalia,Rodentia,Heteromyidae,Microdipodops,Microdipodops megacephalus,NA,NA
2436108,2436108,Sorex nanus,Dwarf Shrew,S3,N4,NA,Animalia,Chordata,Mammalia,Soricomorpha,Soricidae,Sorex,Sorex nanus,NA,NA
2432399,2432399,Myotis thysanodes,Fringed Myotis,S2B,N4,NA,Animalia,Chordata,Mammalia,Chiroptera,Vespertilionidae,Myotis,Myotis thysanodes,NA,NA
5219173,5219173,Canis lupus,Gray Wolf,SX,N4,Endangered,Animalia,Chordata,Mammalia,Carnivora,Canidae,Canis,Canis lupus,NA,NA
2437236,2437236,Cynomys gunnisoni,Gunnison's Prairie Dog,S3,N5,NA,Animalia,Chordata,Mammalia,Rodentia,Sciuridae,Cynomys,Cynomys gunnisoni,NA,NA
2439384,2439384,Thomomys idahoensis,Idaho Pocket Gopher,SH,N4,NA,Animalia,Chordata,Mammalia,Rodentia,Geomyidae,Thomomys,Thomomys idahoensis,NA,NA
5219311,5219311,Vulpes macrotis,Kit Fox,S3,N4,NA,Animalia,Chordata,Mammalia,Carnivora,Canidae,Vulpes,Vulpes macrotis,NA,NA
2432406,2432406,Myotis lucifugus,Little Brown Myotis,S4,N3/N4,NA,Animalia,Chordata,Mammalia,Chiroptera,Vespertilionidae,Myotis,Myotis lucifugus,NA,NA
2432413,2432413,Myotis evotis,Long-eared Myotis,S3/S4,N4/N5,NA,Animalia,Chordata,Mammalia,Chiroptera,Vespertilionidae,Myotis,Myotis evotis,NA,NA
2432411,2432411,Myotis volans,Long-legged Myotis,S3/S4,N5,NA,Animalia,Chordata,Mammalia,Chiroptera,Vespertilionidae,Myotis,Myotis volans,NA,NA
2435996,2435996,Sorex preblei,Preble's Shrew,S2,N4,NA,Animalia,Chordata,Mammalia,Soricomorpha,Soricidae,Sorex,Sorex preblei,NA,NA
2436688,2436688,Brachylagus idahoensis,Pygmy Rabbit,S3,N4,NA,Animalia,Chordata,Mammalia,Lagomorpha,Leporidae,Brachylagus,Brachylagus idahoensis,NA,NA
2432579,2432579,Euderma maculatum,Spotted Bat,S3,N3/N4,NA,Animalia,Chordata,Mammalia,Chiroptera,Vespertilionidae,Euderma,Euderma maculatum,NA,NA
2432479,2432479,Corynorhinus townsendii,Townsend's Big-eared Bat,S4,N3/N4,NA,Animalia,Chordata,Mammalia,Chiroptera,Vespertilionidae,Corynorhinus,Corynorhinus townsendii,NA,NA
2437235,2437235,Cynomys parvidens,Utah Prairie Dog,S2,N1,Threatened,Animalia,Chordata,Mammalia,Rodentia,Sciuridae,Cynomys,Cynomys parvidens,NA,NA
5218548,5218548,Lasiurus blossevillii,Western Red Bat,SU,N3/N4,NA,Animalia,Chordata,Mammalia,Chiroptera,Vespertilionidae,Lasiurus,Lasiurus blossevillii,NA,NA
2437233,2437233,Cynomys leucurus,White-tailed Prairie Dog,S3,N4,NA,Animalia,Chordata,Mammalia,Rodentia,Sciuridae,Cynomys,Cynomys leucurus,NA,NA
5219073,5219073,Gulo gulo,Wolverine,S2,N4,NA,Animalia,Chordata,Mammalia,Carnivora,Mustelidae,Gulo,Gulo gulo,NA,NA
2432461,2432461,Myotis yumanensis,Yuma Myotis,S3,N4/N5,NA,Animalia,Chordata,Mammalia,Chiroptera,Vespertilionidae,Myotis,Myotis yumanensis,NA,NA
10054988,10054988,Oreohelix yavapai cummingsi,Yavapai Mountainsnail,S1,N3,NA,Animalia,Mollusca,Gastropoda,Stylommatophora,Oreohelicidae,Oreohelix,Oreohelix yavapai,Oreohelix yavapai cummingsi,NA
10154500,5189882,Fossaria techella,Fossaria,SH,N3/N4,NA,Animalia,Mollusca,Gastropoda,NA,Lymnaeidae,Galba,Galba techella,NA,NA
2300006,2300006,Pyrgulopsis pilsbryana,Bear Lake Springsnail,S1,N2,NA,Animalia,Mollusca,Gastropoda,Littorinimorpha,Hydrobiidae,Pyrgulopsis,Pyrgulopsis pilsbryana,NA,NA
9110250,9110250,Pyrgulopsis peculiaris,Bifid Duct Pyrg,S1,N2,NA,Animalia,Mollusca,Gastropoda,Littorinimorpha,Hydrobiidae,Pyrgulopsis,Pyrgulopsis peculiaris,NA,NA
8821459,8821459,Pyrgulopsis plicata,Black Canyon Pyrg,S1,N1,NA,Animalia,Mollusca,Gastropoda,Littorinimorpha,Hydrobiidae,Pyrgulopsis,Pyrgulopsis plicata,NA,NA
2293903,2293903,Oreohelix parawanensis,Brian Head Mountainsnail,S1,N1,NA,Animalia,Mollusca,Gastropoda,Stylommatophora,Oreohelicidae,Oreohelix,Oreohelix parawanensis,NA,NA
9061728,9061728,Pyrgulopsis inopinata,Carinate Glenwood Pyrg,S1,N1,NA,Animalia,Mollusca,Gastropoda,Littorinimorpha,Hydrobiidae,Pyrgulopsis,Pyrgulopsis inopinata,NA,NA
11317631,11317631,Physa megalochlamys,Cloaked Physa,S1?,N3,NA,Animalia,Mollusca,Gastropoda,NA,Physidae,Physa,Physa megalochlamys,NA,NA
5189753,5189753,Planorbella binneyi,Coarse Rams-horn,SH,N3/N4,NA,Animalia,Mollusca,Gastropoda,NA,Planorbidae,Planorbella,Planorbella binneyi,NA,NA
2294035,2294035,Gastrocopta quadridens,Cross Snaggletooth,SH,N2/N3,NA,Animalia,Mollusca,Gastropoda,Stylommatophora,Gastrocoptidae,Gastrocopta,Gastrocopta quadridens,NA,NA
2293939,2293939,Oreohelix peripherica,Deseret Mountainsnail,S2,N2,NA,Animalia,Mollusca,Gastropoda,Stylommatophora,Oreohelicidae,Oreohelix,Oreohelix peripherica,NA,NA
2299993,2299993,Pyrgulopsis deserta,Desert Springsnail,SH,N2,NA,Animalia,Mollusca,Gastropoda,Littorinimorpha,Hydrobiidae,Pyrgulopsis,Pyrgulopsis deserta,NA,NA
8992635,8992635,Tryonia porrecta,Desert Tryonia,S2?,N2,NA,Animalia,Mollusca,Gastropoda,Littorinimorpha,Cochliopidae,Tryonia,Tryonia porrecta,NA,NA
2293921,2293921,Oreohelix eurekensis,Eureka Mountainsnail,S1,N1,NA,Animalia,Mollusca,Gastropoda,Stylommatophora,Oreohelicidae,Oreohelix,Oreohelix eurekensis,NA,NA
7990253,5189892,Stagnicola bonnevillensis,Fat-whorled Pondsnail,S3,N1,NA,Animalia,Mollusca,Gastropoda,NA,Lymnaeidae,Ladislavella,Ladislavella bonnevillensis,NA,NA
5192428,5192428,Fluminicola coloradoensis,Green River Pebblesnail,S2/S3,N2/N3,NA,Animalia,Mollusca,Gastropoda,Littorinimorpha,Lithoglyphidae,Fluminicola,Fluminicola coloradoensis,NA,NA
8788114,8788114,Pyrgulopsis hamlinensis,Hamlin Valley Pyrg,S1,N1,NA,Animalia,Mollusca,Gastropoda,Littorinimorpha,Hydrobiidae,Pyrgulopsis,Pyrgulopsis hamlinensis,NA,NA
5191192,5191192,Oxyloma kanabense,Kanab Ambersnail,S1,N1,NA,Animalia,Mollusca,Gastropoda,Stylommatophora,Succineidae,Oxyloma,Oxyloma kanabense,NA,NA
5189736,5189736,Planorbella oregonensis,Lamb Rams-horn,SH,N1,NA,Animalia,Mollusca,Gastropoda,NA,Planorbidae,Planorbella,Planorbella oregonensis,NA,NA
9557711,9557711,Pyrgulopsis lindahlae,Lindahl's Pyrg,S1,N1,NA,Animalia,Mollusca,Gastropoda,Littorinimorpha,Hydrobiidae,Pyrgulopsis,Pyrgulopsis lindahlae,NA,NA
9056414,9056414,Pyrgulopsis anguina,Longitudinal Gland Pyrg,S1,N1,NA,Animalia,Mollusca,Gastropoda,Littorinimorpha,Hydrobiidae,Pyrgulopsis,Pyrgulopsis anguina,NA,NA
2293937,2293937,Oreohelix haydeni,Lyrate Mountainsnail,S2,N2/N3,NA,Animalia,Mollusca,Gastropoda,Stylommatophora,Oreohelicidae,Oreohelix,Oreohelix haydeni,NA,NA
2293940,2293940,Oreohelix howardi,Mill Creek Mountainsnail,SH,N1,NA,Animalia,Mollusca,Gastropoda,Stylommatophora,Oreohelicidae,Oreohelix,Oreohelix howardi,NA,NA
2293975,2293995,Vertigo concinnula,Mitered Vertigo,SH,N4,NA,Animalia,Mollusca,Gastropoda,Stylommatophora,Vertiginidae,Vertigo,Vertigo modesta,NA,NA
2294022,2294022,Gastrocopta pilsbryana,Montane Snaggletooth,SH,N4/N5,NA,Animalia,Mollusca,Gastropoda,Stylommatophora,Gastrocoptidae,Gastrocopta,Gastrocopta pilsbryana,NA,NA
8402525,5189908,Stagnicola montanensis,Mountain Marshsnail,SH,N3,NA,Animalia,Mollusca,Gastropoda,NA,Lymnaeidae,Walterigalba,Walterigalba montanensis,NA,NA
8906127,8906127,Pyrgulopsis variegata,Northwest Bonneville Pyrg,S1,N2,NA,Animalia,Mollusca,Gastropoda,Littorinimorpha,Hydrobiidae,Pyrgulopsis,Pyrgulopsis variegata,NA,NA
9250031,9250031,Pyrgulopsis nuwuvi,Nuwuvi Pyrg,S1,N1,NA,Animalia,Mollusca,Gastropoda,Littorinimorpha,Hydrobiidae,Pyrgulopsis,Pyrgulopsis nuwuvi,NA,NA
9145147,9145147,Pyrgulopsis fusca,Otter Creek Pyrg,S1,N1,NA,Animalia,Mollusca,Gastropoda,Littorinimorpha,Hydrobiidae,Pyrgulopsis,Pyrgulopsis fusca,NA,NA
7399208,7399208,Pyrgulopsis pinetorum,Pine Grove Pyrg,S1,N1,NA,Animalia,Mollusca,Gastropoda,Littorinimorpha,Hydrobiidae,Pyrgulopsis,Pyrgulopsis pinetorum,NA,NA
2294048,2294048,Pupoides hordaceus,Ribbed Dagger,SH,N4,NA,Animalia,Mollusca,Gastropoda,Stylommatophora,Pupillidae,Pupoides,Pupoides hordaceus,NA,NA
8025320,8025320,Colligyrus greggi,Rocky Mountain Duskysnail,S1,N4,NA,Animalia,Mollusca,Gastropoda,Littorinimorpha,Amnicolidae,Colligyrus,Colligyrus greggi,NA,NA
2297219,2297219,Succinea rusticana,Rustic Ambersnail,SH,N2/N3,NA,Animalia,Mollusca,Gastropoda,Stylommatophora,Succineidae,Succinea,Succinea rusticana,NA,NA
9372628,9372628,Pyrgulopsis santaclarensis,Santa Clara Pyrg,S1,N1,NA,Animalia,Mollusca,Gastropoda,Littorinimorpha,Hydrobiidae,Pyrgulopsis,Pyrgulopsis santaclarensis,NA,NA
10253407,5191206,Catinella stretchiana,Sierra Ambersnail,SH,N3,NA,Animalia,Mollusca,Gastropoda,Stylommatophora,Succineidae,Mediappendix,Mediappendix stretchiana,NA,NA
2294032,2294032,Gastrocopta ashmuni,Sluice Snaggletooth,SH,N4/N5,NA,Animalia,Mollusca,Gastropoda,Stylommatophora,Gastrocoptidae,Gastrocopta,Gastrocopta ashmuni,NA,NA
8998004,8998004,Pyrgulopsis chamberlini,Smooth Glenwood Pyrg,S1,N1,NA,Animalia,Mollusca,Gastropoda,Littorinimorpha,Hydrobiidae,Pyrgulopsis,Pyrgulopsis chamberlini,NA,NA
2295352,2295367,Ogaridiscus subrupicola,Southern Tightcoil,SH,N1,NA,Animalia,Mollusca,Gastropoda,Stylommatophora,Pristilomatidae,Pristiloma,Pristiloma subrupicola,NA,NA
5190762,5190762,Hawaiia neomexicana,Striate Gem,SH,N2,NA,Animalia,Mollusca,Gastropoda,Stylommatophora,Pristilomatidae,Hawaiia,Hawaiia neomexicana,NA,NA
9026807,9026807,Pyrgulopsis saxatilis,Sub-globose Snake Pyrg,S1,N1,NA,Animalia,Mollusca,Gastropoda,Littorinimorpha,Hydrobiidae,Pyrgulopsis,Pyrgulopsis saxatilis,NA,NA
2296012,2296012,Vallonia perspectiva,Thin-lip Vallonia,SH,N4/N5,NA,Animalia,Mollusca,Gastropoda,Stylommatophora,Valloniidae,Vallonia,Vallonia perspectiva,NA,NA
5190464,5190464,Pupilla syngenes,Top-heavy Column,S3/S4,N4,NA,Animalia,Mollusca,Gastropoda,Stylommatophora,Pupillidae,Pupilla,Pupilla syngenes,NA,NA
5189787,5189787,Physella utahensis,Utah Physa,S1,N2,NA,Animalia,Mollusca,Gastropoda,NA,Physidae,Physella,Physella utahensis,NA,NA
2287872,2287872,Margaritifera falcata,Western Pearlshell,S1,N4,NA,Animalia,Mollusca,Bivalvia,Unionida,Margaritiferidae,Margaritifera,Margaritifera falcata,NA,NA
5189816,5189816,Physella zionis,Wet-rock Physa,S1,N1,NA,Animalia,Mollusca,Gastropoda,NA,Physidae,Physella,Physella zionis,NA,NA
10474587,5189917,Stagnicola traski,Widelip Pondsnail,SH,N3,NA,Animalia,Mollusca,Gastropoda,NA,Lymnaeidae,Ladislavella,Ladislavella traskii,NA,NA
9696344,9696344,Anodonta nutalliana,Winged Floater,S2,N3/N4,NA,Animalia,Mollusca,Bivalvia,Unionida,Unionidae,Anodonta,Anodonta nuttalliana,NA,NA
3033315,3033315,Ranunculus aestivalis,Autumn Buttercup,S1,N1,Endangered,Plantae,Tracheophyta,Magnoliopsida,Ranunculales,Ranunculaceae,Ranunculus,Ranunculus aestivalis,NA,NA
5376581,5376581,Lepidium barnebyanum,Barneby Ridge-cress,S1,N1,Endangered,Plantae,Tracheophyta,Magnoliopsida,Brassicales,Brassicaceae,Lepidium,Lepidium barnebyanum,NA,NA
3047784,3047784,Hesperidanthus barnebyi,Barnebyâ€™s Reed Mustard,S1,N1,Endangered,Plantae,Tracheophyta,Magnoliopsida,Brassicales,Brassicaceae,Hesperidanthus,Hesperidanthus barnebyi,NA,NA
5346660,5346660,Astragalus sabulosus,Cisco Milkvetch,S1,N1,NA,Plantae,Tracheophyta,Magnoliopsida,Fabales,Fabaceae,Astragalus,Astragalus sabulosus,NA,NA
2928212,2928212,Phacelia argillacea,Clay Phacelia,S1,N1,Endangered,Plantae,Tracheophyta,Magnoliopsida,Boraginales,Hydrophyllaceae,Phacelia,Phacelia argillacea,NA,NA
3047777,3047777,Hesperidanthus argillaceus,Clay Reed-mustard,S1,N1,Threatened,Plantae,Tracheophyta,Magnoliopsida,Brassicales,Brassicaceae,Hesperidanthus,Hesperidanthus argillaceus,NA,NA
5344916,5344916,Astragalus desereticus,Deseret Milkvetch,S1,N1,NA,Plantae,Tracheophyta,Magnoliopsida,Fabales,Fabaceae,Astragalus,Astragalus desereticus,NA,NA
3084063,3084078,Pediocactus despainii,Despain Pincushion Cactus,S2,N2,Endangered,Plantae,Tracheophyta,Magnoliopsida,Caryophyllales,Cactaceae,Pediocactus,Pediocactus bradyi,NA,NA
2888377,2888377,Arctomecon humilis,Dwarf Bearclaw-poppy,S1,S1,Endangered,Plantae,Tracheophyta,Magnoliopsida,Ranunculales,Papaveraceae,Arctomecon,Arctomecon humilis,NA,NA
3938685,3938685,Sphaeralcea gierischii,Gierisch's Globemallow,S1,N1,Endangered,Plantae,Tracheophyta,Magnoliopsida,Malvales,Malvaceae,Sphaeralcea,Sphaeralcea gierischii,NA,NA
5345744,5345744,Astragalus anserinus,Goose Creek Milkvetch,S2,N2,NA,Plantae,Tracheophyta,Magnoliopsida,Fabales,Fabaceae,Astragalus,Astragalus anserinus,NA,NA
3171394,3171394,Penstemon grahamii,Graham's Beardtongue,S2,N2,NA,Plantae,Tracheophyta,Magnoliopsida,Lamiales,Plantaginaceae,Penstemon,Penstemon grahamii,NA,NA
5344556,5346980,Astragalus montii,Heliotrope Milkvetch,S3,N3,Endangered,Plantae,Tracheophyta,Magnoliopsida,Fabales,Fabaceae,Astragalus,Astragalus limnocharis,NA,NA
5346510,5346510,Astragalus iselyi,Isley's Milkvetch,S1,N1,NA,Plantae,Tracheophyta,Magnoliopsida,Fabales,Fabaceae,Astragalus,Astragalus iselyi,NA,NA
3614610,3614610,Cycladenia humilis var. jonesii,Jones Cycladenia,S2,N3/N4,Threatened,Plantae,Tracheophyta,Magnoliopsida,Gentianales,Apocynaceae,Cycladenia,Cycladenia humilis,NA,Cycladenia humilis jonesii
3049179,3049179,Physaria tumulosa,Kodachrome Bladderpod,S3,N3,Endangered,Plantae,Tracheophyta,Magnoliopsida,Brassicales,Brassicaceae,Physaria,Physaria tumulosa,NA,NA
5401965,5401965,Townsendia aprica,Last Chance Townsendia,S2,N2,Threatened,Plantae,Tracheophyta,Magnoliopsida,Asterales,Asteraceae,Townsendia,Townsendia aprica,NA,NA
5414341,5414341,Primula maguirei,Maguire Primrose,S1,N1,Threatened,Plantae,Tracheophyta,Magnoliopsida,Ericales,Primulaceae,Primula,Primula maguirei,NA,NA
2723114,2723114,Carex specuicola,Navajo Sedge,S1,N2,Threatened,Plantae,Tracheophyta,Liliopsida,Poales,Cyperaceae,Carex,Carex specuicola,NA,NA
5345822,5345822,Astragalus holmgreniorum,Paradox Milkvetch,S1,N1,Endangered,Plantae,Tracheophyta,Magnoliopsida,Fabales,Fabaceae,Astragalus,Astragalus holmgreniorum,NA,NA
3084579,3084579,Sclerocactus brevispinus,Pariette Cactus,S1,N1,Threatened,Plantae,Tracheophyta,Magnoliopsida,Caryophyllales,Cactaceae,Sclerocactus,Sclerocactus brevispinus,NA,NA
5613256,5613256,Astragalus ampullarioides,Shivwits Milkvetch,S1,N1,Endangered,Plantae,Tracheophyta,Magnoliopsida,Fabales,Fabaceae,Astragalus,Astragalus ampullarioides,NA,NA
3047780,3047780,Hesperidanthus suffretescens,Shrubby Reed-mustard,S1,N1,Endangered,Plantae,Tracheophyta,Magnoliopsida,Brassicales,Brassicaceae,Hesperidanthus,Hesperidanthus suffrutescens,NA,NA
3084074,3084074,Pediocactus sileri,Siler Pincushion Cactus,S1,N2/N3,Threatened,Plantae,Tracheophyta,Magnoliopsida,Caryophyllales,Cactaceae,Pediocactus,Pediocactus sileri,NA,NA
5613308,5613308,Astragalus sabulosus var. vehiculus,Stage Station Milkvetch,S1,N1,NA,Plantae,Tracheophyta,Magnoliopsida,Fabales,Fabaceae,Astragalus,Astragalus sabulosus,NA,Astragalus sabulosus vehiculus
7280037,7280037,Sclerocactus wetlandicus,Uinta Basin Hookless Cactus,S3,N3,Threatened,Plantae,Tracheophyta,Magnoliopsida,Caryophyllales,Cactaceae,Sclerocactus,Sclerocactus wetlandicus,NA,NA
2805372,2805372,Spiranthes diluvialis,Ute Ladies' Tresses,S1,N2/N3,Endangered,Plantae,Tracheophyta,Liliopsida,Asparagales,Orchidaceae,Spiranthes,Spiranthes diluvialis,NA,NA
3170262,3170262,Asclepias welshii,Welsh's Milkweed,S1,N1,Threatened,Plantae,Tracheophyta,Magnoliopsida,Gentianales,Apocynaceae,Asclepias,Asclepias welshii,NA,NA
3171537,3737582,Penstemon albifluvis,White River Beardtongue,S2,N1,NA,Plantae,Tracheophyta,Magnoliopsida,Lamiales,Plantaginaceae,Penstemon,Penstemon scariosus,NA,NA
3084063,3084065,Pediocactus winkleri,Winkler's Pincushion Cactus,S2,N2,Threatened,Plantae,Tracheophyta,Magnoliopsida,Caryophyllales,Cactaceae,Pediocactus,Pediocactus bradyi,NA,NA
3084580,3084580,Schlerocactus wrightiae,Wright Fishhook Cactus,S2,N2,Endangered,Plantae,Tracheophyta,Magnoliopsida,Caryophyllales,Cactaceae,Sclerocactus,Sclerocactus wrightiae,NA,NA
2460817,2460817,Heloderma suspetum,Gila Monster,S2,N4,NA,Animalia,Chordata,Squamata,NA,Helodermatidae,Heloderma,Heloderma suspectum,NA,NA
6157444,6157444,Crotalus oreganus concolor,Midget Faded Rattlesnake,SNR,N4,NA,Animalia,Chordata,Squamata,NA,Viperidae,Crotalus,Crotalus oreganus,Crotalus oreganus concolor,NA
2441814,2441814,Gopherus agassizii,Mojave Desert Tortoise,S2,NNR,Threatened,Animalia,Chordata,Testudines,NA,Testudinidae,Gopherus,Gopherus agassizii,NA,NA
NA,NA,Kampropeltis pyromelana,Pyro Mountain Kingsnake,S3,N4,NA,NA,NA,NA,NA,NA,NA,NA,NA,NA
